{"version":113,"hash":{"type":"Buffer","data":"TYdL1YRAO/P4Rpo5anbwX37ZDEGsyhIrawU0aV0bguYgL1Gjtlx6waQSpfkMAuJkgNG6KlJkPaQhV+rmXP4mkn0BukyYmXmM4Wfn3sSv8HYyY7psKMSPwIHJYQdNJc6DSfE91+6plybL0+IAglpBZnKaJj1+60WtCagAb9k+hC4="},"indexValueMap":{"ADr16cLk45sZZeyDmMHRGV3/BCDkU7AqqNC6J6VpK5U=":{"valueMac":{"type":"Buffer","data":"dVPPlOfdeVYJoCe2q4TjpZusE7uKTDCKzg7apMYcmJE="}},"AUzRVkWJtCiplT61euz3vHNVXvsAYhSh1Jz7lPEMPf0=":{"valueMac":{"type":"Buffer","data":"zoac/BW4ceGgGnIxQ/surdU24j9WX3sauk3ayu45ygY="}},"BBPphpHThO7BDqLrBo35GO+6uBUXm/pOU4pCC5XbKw0=":{"valueMac":{"type":"Buffer","data":"sYLVmAZJ+/oGvsU+MvqEQYWgzhBUqeAAHMQs2Xwf58A="}},"BHMgjR9l12MtaG51kEtkt0DMIcGe4Feblg81Iv4eBR0=":{"valueMac":{"type":"Buffer","data":"aptYtE34l+ynlux06s/Ei+CwEWerBtbnnD8QYDahZC4="}},"BTD1E40MTCCNOkfNcp5H2Nw6dW636+abNx7tN0d47ik=":{"valueMac":{"type":"Buffer","data":"lAtJbr6qb9TM5KYPoCMPOwoo04LY6CGHy8Um/60eunM="}},"BWR+PjwMAczc755+v5nQFMzRJUYMgZOed7OKNguALg4=":{"valueMac":{"type":"Buffer","data":"Mpfqn+1OZUEPjkje316MlwqGrwGFrBrjYdvFe4Zfz24="}},"BfY8Q9xkSdirPf4op3t4W0hf0UbIrHe7AG+MU3h4Esw=":{"valueMac":{"type":"Buffer","data":"lzq2mlv4ccbs8KonpcLINDq4VvqZ9ZrcCz3SWHLfi6M="}},"BlqnSLpkgHWUWZj0brCnJU9gfSK/T8hkXeBvQTj9wLs=":{"valueMac":{"type":"Buffer","data":"eIPIED2hIE5vvFr7G1+IxN5lguO9mH9vTZP4fZjmjvM="}},"BwvHC/RYnvZKX3ddZ2leVWSpGrjrDtpA9C2LzVEHe3s=":{"valueMac":{"type":"Buffer","data":"sesEXqKUwLcYdwA2+Z74qf1YzGHbTPRJVBZPvdwRhFw="}},"B0V7dU5IUJVF4nS3yZwUi7V5aQGTyx2PVsNfe0J9JRw=":{"valueMac":{"type":"Buffer","data":"kPzAmqeWe36hllol08VhOYlBoqla3yflCVdmZY4RunY="}},"B78Ipwq3vwhd+myivukAdFRo9radgCkfTaD8d3FJeck=":{"valueMac":{"type":"Buffer","data":"+yk98XUb+cCHAssuwuoV0tFEJndj5F0SCwrzbB8Ehv8="}},"B8RtjhHLl0U2bg45zrc1RMLY78Z+/hEGoob8gwla0Ko=":{"valueMac":{"type":"Buffer","data":"GNYdcN4FaRFgwgU4kLhd6/OX6OqJfN74YDy/26S+v6k="}},"CQm0hb+nM2OeJiQ83KfDpEW0JA6dAVdoMHIV3qw9GXc=":{"valueMac":{"type":"Buffer","data":"hglzGVmcZTc76FJKqXENjB0lULBEtiZLIQn8cG/sGCY="}},"CTzesNeF9qGzNC80bNggVDOfRSiMeXyu4oCc0r7uEoo=":{"valueMac":{"type":"Buffer","data":"nlGjDICE8wCvHFEgMnMni/fyKFn+UcvxHGV8ebznCwk="}},"CcXV0UkaVMaGmCJB2U5IZH5J7TOJlIdFMMqRkDUqYRY=":{"valueMac":{"type":"Buffer","data":"lPUuPM6hLYozIpcngI3aSLAI3s5FYMG7cTuzvZ6nsAI="}},"ChXWykRtV4gY/RA2Q+nLOYBamJNLOYMMSy6QckhKC6I=":{"valueMac":{"type":"Buffer","data":"Cex6LbAL86iRI8a9KHO3BmJsUSMR+hUYVZCX86suKDI="}},"C2wwl54TinjFf922VEzKR0/bWa4iyBFhdSeb7iEBuoU=":{"valueMac":{"type":"Buffer","data":"pYsJdCx4PInHR/NkFnYnlwkqFMqqQwLfT5BKxzI/hIA="}},"C4/lvRL5GW0fhhsRbM3aIDZkm+pEodD55aC9aP0itNM=":{"valueMac":{"type":"Buffer","data":"NHo9oGrtU4F+k6+C80Mas4bLj4Rog3rT+4KEXbucrAs="}},"C7Q8+5kr8py5umRWpeMIzGrQkgWIIYBGIyf3ewaCca4=":{"valueMac":{"type":"Buffer","data":"dAsLQC2fVYEVgOsqYpnwGzgMkBoE7Q+yjYEb6fu0Bhw="}},"DQJcMXi7WVv5gaXMBsrujSeh/rmrf9FwKMrdzDxlDiw=":{"valueMac":{"type":"Buffer","data":"DTKIGS96E4QGplFizMOSTwMz0ctfcrLRKO8B1z0jXH0="}},"Ddh/0tyqcTXOCI4+JmGvywsMK6sbt5G+OONojmdFl3I=":{"valueMac":{"type":"Buffer","data":"kSUOLlq6KabcIcmHs8sFcftLfqy76tpzKU/f0+rj+sY="}},"ET0VDM7b2YY4PPd30KhhcaA7IN58pRWWPkPdTjneezg=":{"valueMac":{"type":"Buffer","data":"0pL5DJ8+TzGlnjNGG4iEbcqy5XKmK0Tl2N3tbWJDbPI="}},"E6Yf9CI7GzrhLjhYqjB1+fyFZc2xk0CCWlR+ZDHbXBU=":{"valueMac":{"type":"Buffer","data":"d3BlkUWZuWo4EOiVBkQJ7PQqdjFWYWdSVezSZ5IUcUE="}},"FKk902LgPEs+GLIUj6UsyJRRw1FthVtumbZ1+i+l5xU=":{"valueMac":{"type":"Buffer","data":"xfzUEsSf/i2OmtRNUZynY/kkzL0hw2fg8l1FR0wuFtM="}},"FKr6wt0uvgzZpn1WdliuQYBW9bFBHmjMZP2X/tiDAGA=":{"valueMac":{"type":"Buffer","data":"H6ojZpfDygsaToyK9J9h4Wnt39O19I3qCz6iYcfWbgQ="}},"FN0etQcTzxtuoaFjA+PJuaV7+6I6cTbWimYmK9449ko=":{"valueMac":{"type":"Buffer","data":"37pvvltKzhNYYlmE7RHZyhcZFTARhazJrLJVYMWXOCg="}},"FSWciPsaT9sMulu5agTmVrlnsaOJr1vAHLR3glMYS60=":{"valueMac":{"type":"Buffer","data":"hoIMmFogvbALWBQmeuR84jDldp4UqgnuG6+RJKNP9JE="}},"FVKbyGNeYLWCbWOLhDvgrjgw7FY2q1J/SlSVM/k3yfQ=":{"valueMac":{"type":"Buffer","data":"wFo0VgwGqoEzkbx4k0uh/qwVt1Bam/QPAM7VILGKHQg="}},"F4BAY0+jGbtnLnZOn8eX70RlBr/RirnF0glNRZTTSOs=":{"valueMac":{"type":"Buffer","data":"gn4fm6rtqFiAsk+QGVkcashG2MhzbuDYQG+g7A0rlxg="}},"F9TkAZ8TYRW2tbLj4h275XSP9fNVB7w46aoFVgCfUl0=":{"valueMac":{"type":"Buffer","data":"jgQPAeZlvutwBmdzQ3Lw0qj4CPxYwWaWrU3rVJ49yQk="}},"F/ue9ahhet8DgKiEr2rmKTZYyt2NEolKOWCx7tqoSlg=":{"valueMac":{"type":"Buffer","data":"fvC/yVcuUfrHkrd8wCzeU49Wfwuv3jiLYHW9czfPcnI="}},"GJFv+T/MjVYPDyf47yERaJyvsg/a73zdoB8h63i291A=":{"valueMac":{"type":"Buffer","data":"AbA9mc2dvu5sVv9VBf5ufVU9msOkH0wMTsugXTiJMNQ="}},"GJSlk1QfMfjRGpE+ONutJp793ZekPiyv9QBG0PmKrCM=":{"valueMac":{"type":"Buffer","data":"znP3gbjlF2C6cclNCDi3t/QKyX7POPfT5ZZcrtFO/D0="}},"GKsfpf5wOuSR5xp6neQJHbtPp9mPVEYlo1uodqxDsq4=":{"valueMac":{"type":"Buffer","data":"io4B69Yf71B7E82ge65rmsC3o93MqB0zrOkZa4RGNno="}},"GLXBZX3YO1BalAa1/BAU67g1Y0+UITh5xPBeCj47/V8=":{"valueMac":{"type":"Buffer","data":"pOM7EpF4WO+HMkrgzfWJNhElA6FxwlgctVsbNE++6L0="}},"Ga9nDOI/YQwhXEB+HtubbG0BW5xlgfzv4AVlQefTCrs=":{"valueMac":{"type":"Buffer","data":"4uxD5JgoeytxIjtA43HZSf2by8Cpq397+977tJb2d1Y="}},"GkgbY+eLK09RI2wLE2wrifIah8NMstpYz7So5WTbteQ=":{"valueMac":{"type":"Buffer","data":"x4eyKSkv9mJCudIk/zWYXtbxiylCN4MJVi40aDpEjz8="}},"Gx06ny0l5cVks1GUy2ea2HKzBQFoZVfyBq+k20d+kIo=":{"valueMac":{"type":"Buffer","data":"41YipFET8Wd/4vq+ykolgefRpExd1jMy9h1kub2PGrQ="}},"HdstCrYBhBLtGj947lOIglNd5BqxIIWEOtHow15nlpM=":{"valueMac":{"type":"Buffer","data":"ZB6+mDfMwrHh1q6d4KHYiy6bhvC7+/B6fRyKK5BsJQ8="}},"IlxBUidkmELpfsFRIesEVuIXY3hHdx4G96Ktt/yB70M=":{"valueMac":{"type":"Buffer","data":"KR7PjGJmxQpI+c3Rd1RkkZnsZZX/Kdvk8gnaNYNvsvo="}},"Impi+dU54Fr/I5VS02tx6nCCqDHWfzlXl2h8Vn6lna4=":{"valueMac":{"type":"Buffer","data":"lk7kPGSsF10UI20yno8E4l26cXCDQ2YeWjb/c83BpAQ="}},"IrvFrOejqAvspKuEivK5568AwhWCBlk3m6cFeAV+4nI=":{"valueMac":{"type":"Buffer","data":"n+B2tjvZI5LHEUtms50tE30HO0aizuTadpVOf2u+u4E="}},"IrvYTZN1kRW98H6ARbc47kWCP58FzPBlJGVIwQiY4K0=":{"valueMac":{"type":"Buffer","data":"d/V+jf2OIx7spWkkNmRlo4vO4OexHspWmyGzQTik7+o="}},"JrC9PuDcdarWe6aaywA3Tl5RqxHpWS2KMmwBVFhforg=":{"valueMac":{"type":"Buffer","data":"GskLCBT/P5KMeJ4HSHKcFbiPN9PAZtH6fTLVd8t/Wuk="}},"Jy3k/H9KFEJqG6CXsMIIAhtMNJPE/x3WwS9pqttqIlk=":{"valueMac":{"type":"Buffer","data":"0JUSG/e7gMBwMMiyC9PLKMRFPUyC1HtiASMMM5qLe0I="}},"Khs21/Vl4j449twL1k4hHA/5Wo1mhJ/zvVK6uNlQXkM=":{"valueMac":{"type":"Buffer","data":"N2gKzl1MfLveKkExFfORqIewqjFTiMwIrgrVF2AXW6Q="}},"K1Mqq1QGLn7VxHPTL53NmF2p4j50/bS1pJN7rJZBumg=":{"valueMac":{"type":"Buffer","data":"bFOB/lVqxFNXlbh5V4lnzdUJn3aT7cIE6FJU/2POK7U="}},"Lirupu9RnARWe9iqagSMgXJR+eI1JliUSm0/sJTatiQ=":{"valueMac":{"type":"Buffer","data":"le9urpdggdCPz1d8ZxG/oMQJkdAR2PkWi9Wk6dU+Ln8="}},"Lr+vK2bA6CZ5xuZBRdeKpjRorgRp247qLMNheo8WARM=":{"valueMac":{"type":"Buffer","data":"yV5rfFCB7sqli2cOelxN3x7T6/M9zZf+0CLbOw9SFZE="}},"L45wkhINu5eiZF+UqpNFmandUQ6Djk2QWgfOrEnt4wo=":{"valueMac":{"type":"Buffer","data":"sL8U4t/5s1RjAspHpKlsAx8OGiji+q5FgjDTkbLqtyM="}},"METYhTj00U63RYhuOP/NgdpZv6OBmEMydR0lu0yI0ss=":{"valueMac":{"type":"Buffer","data":"lT9CytmFCMe96IPnV44OR7fqHWn4w84A1faJNFvSclw="}},"MHYjFvHvp8qL9+faCF0isjRfU1NVTq0VV7PjuqE6MvQ=":{"valueMac":{"type":"Buffer","data":"pqEPQn8AWQ4yjZYUtIJvqBWhURqmdkzqzF/FF6Wazxc="}},"MHvWpJRtDlvdermDVz/oaGLeuemnhUCKyQdyBXJ9bH8=":{"valueMac":{"type":"Buffer","data":"tloPNc+wXTMu6cOMHWQiC51EYAO1c8Vfqvlk9+z7Gsw="}},"MNrOXyMSeBfJSuQzWqOvL6ccID30e19AonlisN9fAb0=":{"valueMac":{"type":"Buffer","data":"nudtVgIK0dAoRUjhFqr0KNrbaeiWE+O94/sYWREKflE="}},"Mdfbf3Sqa4rzXduPvHgkgbGi9f5bGflQZYHMj6AVhlQ=":{"valueMac":{"type":"Buffer","data":"NLV6sz2FyFcdMrMEN7TO6H3IyWlVAsm1ZMUsSY+Jo+c="}},"Mk1A2Nvk/5c/4+n2ClcexsgTVhK/xK+WmqbyYgfvSI8=":{"valueMac":{"type":"Buffer","data":"H8IJudyGXVCtrlWsbhBUuPDdVn01E0csFqAGM6Zj5kA="}},"MoafOxA29D9DXZzeOP+/7FzhbxaMK32boiTNUXeN/CA=":{"valueMac":{"type":"Buffer","data":"E34HRo4d7diben0C/uDjvDzE3gjb84RgxM8jjwK3QL0="}},"My3fgpFedgxMDLdTSK4XV8Cr+EMWdoqg5Lq2w3XlE1c=":{"valueMac":{"type":"Buffer","data":"D6LDaxM2P+iwoQJFF4MZNTKE7v739pUaNWGk6GEwpog="}},"NbjyLJJ3KZ1Yrs0nury0Mna0mGXHyPLSK+BIbZY+7Pc=":{"valueMac":{"type":"Buffer","data":"mZD092k7Ybfup+ZI0t6o7+09MBFU3ozHsI4XmLLtPQc="}},"NfCRiUtTyfkwU8w7Opixq29a3Xlbqwy2VJZcA646fnc=":{"valueMac":{"type":"Buffer","data":"3sYR/TsNNxAgmgdxmfkiCLIq9Bivg+PqQL6MjYv3Pc4="}},"OgD4ddiJ9zqPWH2/Nl5Tb9C32XxryhRQNuIl7Tps65Q=":{"valueMac":{"type":"Buffer","data":"MlIPTUJQp/PXGvd8CRFKCsyCUCsf5V0+4yI+TKUpPb8="}},"O7Ji/nnW3cnQhOpQP19qceth01yc0SuXNc/+UtXyK/A=":{"valueMac":{"type":"Buffer","data":"DCg9Cw6LjY2jKqNUkYPiMiaQtZpuzA+1HB0YbZR5XQM="}},"PD6IyUQubKJcSAHTk3rRE19/2NuPFY9RrHDG/QjHHQc=":{"valueMac":{"type":"Buffer","data":"QfnDGYJBv45YOlZXZnyjAcVb3JOHwWYs77sNbFfCfM8="}},"PI7+ByzfZJ4ByRGFqC3wkCSxvmWWp/CnqpmEpMlAKO4=":{"valueMac":{"type":"Buffer","data":"OIFpMcOPIsg1Pox2/YANVxQ26/fr0SC+6Ya4kSHFtRw="}},"PUe3pNnRZ5cWMcrvK8QggbKvB+MNB4/BG3wYPCLw1+8=":{"valueMac":{"type":"Buffer","data":"FBBgS19POE7+y1OIJcoKaxnB3bhi+wFNB17EDt9nUAE="}},"QB1XL/Wx0z423pyXnZ1jqgv5Kyy10zesvEGKeJfOvYM=":{"valueMac":{"type":"Buffer","data":"t7BdjOyyGJHF7Qm8IoAyF7MCkKetET5+Gi+7upoUeLM="}},"QSvlmmJn69zmZHcCqh76DK1zrK5RD6BFfgsCc741f5I=":{"valueMac":{"type":"Buffer","data":"P/FEiSZ6cpNsjg+cwIKNdMzS3AvCbZWGGXxaFkIntlM="}},"QV3p0y2jQnv1e903YA8VLlqDuU8xStjzwFe49xYwaLI=":{"valueMac":{"type":"Buffer","data":"nNFnYOhvAdfUB4otkEEnxBQPxU8THEZZqKgfBAEuhJg="}},"QZLCHt7tlxfFMj2kKDb72WaKMPryzR9MZFtxVR2xxgE=":{"valueMac":{"type":"Buffer","data":"sOFLNjHx5hOnxrNyQ20Oaq8yovOJbimDnTTBkqTQjz0="}},"Q4jccDsv/vUtM7tj92qylla/GUNtli8LMU3GUFE/R4k=":{"valueMac":{"type":"Buffer","data":"8w8Zn2ZX0smdvGjum8NU4BLWOdcWrHhW6r1dR6cgqxs="}},"Q8yGQ14twBQQ8BgmaZ0vQSWmdi+HVrOj2N85Q9VnQE0=":{"valueMac":{"type":"Buffer","data":"D5PEgqdeg+1R/DDYxX/4kak2CeTrf6s+5GYDkEr7q3w="}},"RLkHnloY9fCeudP7J/9wspAA3yGkTsyEio/LBv8zlZU=":{"valueMac":{"type":"Buffer","data":"YpsUsuDyW0XYxK30DquMXuUbhItyAVzyhVhPOiYJUko="}},"RNsyEmFQIOj59fD9ECb2H9EvH1DNtTUCs4NkIhkpEU4=":{"valueMac":{"type":"Buffer","data":"BhguYQ7fA0xup8jR/GrvBJlvzokfUi7tBr3cAgDof34="}},"RS8WiR8wmpVgBcwsnYvkcw58kz3i/dwwj46IPU5lsCI=":{"valueMac":{"type":"Buffer","data":"ltP9xGMwesSkB0+W4CjDWQPQ3/MbW+9IdleHyXzcwuY="}},"RuErt3zrJbW8NQBZFoqsdELlm5FjugB77j5iNSGm1hU=":{"valueMac":{"type":"Buffer","data":"CycKka6GQvDYYU/IleOHccNnFPWWaHde6fZ20tadh98="}},"R+7R2bjWCrHG+EDztJ5VCBR66kKdhwZkTmwcenuvw+I=":{"valueMac":{"type":"Buffer","data":"dJvZMxbBjvem5m63HaWim421vgrjtyzWmch4pfkSBgI="}},"SF84z8VADAPO+RSTjS5Pbw5wCSqnQ0oZ+DwavrYJaoA=":{"valueMac":{"type":"Buffer","data":"cPUAz7SeQRa/FBG/bIb2TJGoqE9JXwhHfnABPPwnSsw="}},"SIA0fq/0TKYO9DOnNZaW204UV3FVwa3SaGjW+06ChVI=":{"valueMac":{"type":"Buffer","data":"GmJVP5/vsbgn2+QPpwB4CxX2VCPOSFKHwDM4h3ryfE4="}},"SIlQsGJ209bsKhQ2ROOiCWPoFf8oV+jCTYLVg5H0PS8=":{"valueMac":{"type":"Buffer","data":"n4X31gk6FjSjJXq5HWJ9lzWAjlPjuimSQW4rJTYzkF8="}},"SV4HXK1/ka4EVAAc+2nurXwFLcJphvg6LC03idD4EZI=":{"valueMac":{"type":"Buffer","data":"lV8FrfYAYw5hvyyLg/gw3oFz57iklCMNTwL7wsONZL4="}},"SZ/Ql9Kf5170XvtlWN+lt3KIlDBB4cfIB3fLRjSPAxk=":{"valueMac":{"type":"Buffer","data":"BQDK5F8+hnLadZXFR9WJ7aSjdReGdZtqdBR2DEawJXo="}},"SaUG61YgaMm/z1BRXqfKKLFEs3nSDmEKxfHl/+HBS0c=":{"valueMac":{"type":"Buffer","data":"FXam9qZepPJdpkUDg1ZMytavl9tDNKVd9XI+YpjUyCw="}},"SavosnTdhaCqce43NFHE9LSZ+BbOYNloP2/6qonQJCo=":{"valueMac":{"type":"Buffer","data":"wh5zEuUaxbfKosAhe2pgx72o2gQBwjWEB4z1unmjzcg="}},"SgCoDaPkEFdv+oswJwBhJ60PzUALa5N3gmgCRICS7Pg=":{"valueMac":{"type":"Buffer","data":"wUP+ztXAKciEe71WtpMEgQXPNNrp9e/p5gcv+1LNTKE="}},"Sg2WK/0ga+3LJV3hyRTte+Sb9VDoKdN+dVJnjf27v6k=":{"valueMac":{"type":"Buffer","data":"AP6M6jJJLchVX7ht84fQPALgnfJVtmagmT0y5ysJ/Bs="}},"ShKB44UlyCd5cfQmrFtsDAw2bVN/gmEIUeW+W2eUT88=":{"valueMac":{"type":"Buffer","data":"NVe153dVA3SohLEJnDwI/97Qc2666ruNb+82DS93jH8="}},"SlEKjuSR0zqmiPSuJZfIDT8YLAJQi0aXFRgLDVKyYb0=":{"valueMac":{"type":"Buffer","data":"Ly0XqVpixiKPzom36UOz+kyjIkDTLYAjb88XAaOfhQM="}},"SttC/nY7QvAg7x5hpah4V6ekQDzw2dn4K5u4VXTyGMU=":{"valueMac":{"type":"Buffer","data":"QEDwfftoJ3JuFFHokFdQt58pEgfHsyIt/O1zYWn8KnY="}},"SyUsIjI+QtAu6cpim0tMGiXCj+0dTOAFvFjVZeltrXc=":{"valueMac":{"type":"Buffer","data":"q4SnldioFg/Xs8LevxkVxtPOq/Q4zti17y7296P3aro="}},"Sz1OPkW2TX147Rq/YA5gMXtem6B+VEITTF2J2mVOZpo=":{"valueMac":{"type":"Buffer","data":"ef8DjgqupzljTQiTZ/FcE4APJcM3eVVgNx++L7DF8uY="}},"S6XyNJh9VSYK4kqY0dGyfh2sto1eNAAvTjd65BEdhuU=":{"valueMac":{"type":"Buffer","data":"/Oa4XOkVWyJIXKzJWwgMOke73J/a8Vyb7nt3BJ8Mnjo="}},"THNy6XbRKmD5KGqJzZ3SK1hIHilTGNdVmJmP9b6TGiA=":{"valueMac":{"type":"Buffer","data":"hPGEi1FMTjZy0esPtLekGs3Pcf4CdIZiQ+QzhoAkPTw="}},"TOrYdz38mcTiAwPIC+RtapckMLH6ZE1dxAXrCLMquZk=":{"valueMac":{"type":"Buffer","data":"rTOri0nR4/L/sRLKGNVc8YtyaKwWzDoPR5WmOJ1HUKo="}},"TVg/o9LdaV0pOItWUIXcBfCbe/WVGmwyq6af1mx41EE=":{"valueMac":{"type":"Buffer","data":"bQxMWF4CXX7GuPR6aMWZ5SEJi4ax7Zlms61PxIGK/Bo="}},"TW+1mlTIdirK+pc2T4LqOMFEjgXQ98O1BgJGbf0iZWw=":{"valueMac":{"type":"Buffer","data":"4CUHPRblpRc23Z0kF40FtXiHaZj1DvdWrYSD4TPbMVg="}},"TfSLYjhyMWdJ1gVasrt2SJMyoFlihHHzW6E/Jz7HZPA=":{"valueMac":{"type":"Buffer","data":"cYuKZm6akx7y6vlSwkHwVoJZla7rSYBFpW93NygfBew="}},"Ts0Oj2utN18eOUum9QZv5Vrq/4MC8RTCtjw+4W9tKkM=":{"valueMac":{"type":"Buffer","data":"zhrOqrgMzuyKW6i3+hM1/ung1xIPTa8mx+wreU84CZ0="}},"TuHX3UxuYDLWcOe1JX9o6SVspXMGi4aLiXTnrjxZkAc=":{"valueMac":{"type":"Buffer","data":"j0s+zvzBNNJHJAFLKF5LDwXpzBBMQydAfNy7Ul+/fbI="}},"TzSZdxTKSNKj0ffMRbzcE3mZubAxfZY65QS361FIDDI=":{"valueMac":{"type":"Buffer","data":"4ThS6eu3Tu59KRLX6pbaTXGsdxrFnWe1fO8vJKDkTrg="}},"T35kjLdraXFftd7R7+AUdwlQUaAXBv2H+d7Wg4jaSeU=":{"valueMac":{"type":"Buffer","data":"DcENV06HRdU3Ti1sjsrfGIlCspMq9aPavv/b+A+Bd3A="}},"UO+rPg0lKH1u4TBcVzKOMu9YwIoD7WcG72b4wvlUVlc=":{"valueMac":{"type":"Buffer","data":"bHy91rOgzCFuqyc3uhSLffNCYt7LJv7kcvdGzM4QVEU="}},"URhDJKuyy2m6pcvDSTESgpu5zYLkVbp4WcxigF0Lw4U=":{"valueMac":{"type":"Buffer","data":"mTIumYRLOskE/yBcl/ln2dz3ferNLyAfmM17lGrXgdk="}},"UTfapAZw2dovDyyF+l0UyLOIhA9YCG/TgnaDdYRw45g=":{"valueMac":{"type":"Buffer","data":"tZirE/jqh1g9pcf1LHz3uKA8DUgT9LJTFR0BqPL3ts8="}},"Uc2YuNfEzAemChgJ23f9NsZ0IEJ/Ygw2uC7cMSJULXc=":{"valueMac":{"type":"Buffer","data":"rr2s8aGcOALHBf1M1PQZlL19oYnGGky8QhYn4rYrY1A="}},"UjQiR4Jn5GS9a2GbBW9nlDjzOOKlux8q+RHQWSPQVWQ=":{"valueMac":{"type":"Buffer","data":"kZjGBUw5IxDy45eL1TWi4bKINHAWhsXZK9KDbsbPTvo="}},"UlLbqOCkLtxufbuFp+QyoY3a6CdZ8/SPSdzDKhRnJ/Y=":{"valueMac":{"type":"Buffer","data":"U/zUJpfn+YnmHwYGNoqdGCOnW5BHHHnssS51fN7Qv/s="}},"VBfjmvO57bf0AbpRPnEMD9SnhF2dHEGgmlSIjVx1irE=":{"valueMac":{"type":"Buffer","data":"X6j/e6SfZ/uAAqTIdF0NCJx0TFHHMLDeBXoAYp35mv8="}},"VBmetRIKB77OHzXCp++/lml+zThlh1a15JMI0Q45eWo=":{"valueMac":{"type":"Buffer","data":"0xaYLQ5anuV1r7F3MIyaZItLa/LWJXh+CpYmZOvYXW8="}},"VMyKHwArCafd1c58mglRCo+lCwbvcDwOcLG6qB1rN+s=":{"valueMac":{"type":"Buffer","data":"4JCGKfTcrse2Zcu3ivWOKVQsmGv93k1Ydp0ufYTvNLM="}},"VOZH6lxYPJXzkM8KkL72grYrIu8xGX4DNEL2exIN46k=":{"valueMac":{"type":"Buffer","data":"eh5RFQ8vzugM0WtnzXQqjh5xh4rlCG5M1te2lKPGM0A="}},"VPyqi429ZDMbkxc9GYsY6ZRXWssvTpxQCafx/fDNZMY=":{"valueMac":{"type":"Buffer","data":"XHzMZMMW2XDe27iEdQA6Owkvx8AEQL4m2JDgauq7HSA="}},"VnL+lUgL9z9649cLEaWxsA7ryWXvkFSoU8Hd4S8p76Y=":{"valueMac":{"type":"Buffer","data":"xyf/qS7PBJGZr0XW1rjVyLeOSapajvKdJALj/2UHxC8="}},"Vt9kZibpNjWnD6B+ujPDU6wlSsLB96DGO08vTSih3XE=":{"valueMac":{"type":"Buffer","data":"JHNeCv02ep16UynkzNjBVi2ga9nzMy+z+85gJZN05Is="}},"WDBWQzLDGxBBnMIOS3UyLLmJBCw8Y8s0nCWrOpPQy5A=":{"valueMac":{"type":"Buffer","data":"Pti/XjkvAoLK6SHMMqqvUhqLQiKbSFXvQGIx3bgBNxk="}},"WISOde7uqBrbd6bS9Y+rqEeM0FOQfLHfI7tw/kGTSN8=":{"valueMac":{"type":"Buffer","data":"N7Apd7Da05UzfNfABMkIwhcRpaDPDQlTUEeW+nc2fyw="}},"WO2K/ziZTpuWvW0FcoEVKSdc1JtorNdBEA9dULjqTDs=":{"valueMac":{"type":"Buffer","data":"hy2oMY8L8bh1vrv4auMp7KBKo6ZDBLwhqley402kwGw="}},"WRKdjv5W8SiXo4AAWwVtw6bmAGdeJUSHMav8roJQUdI=":{"valueMac":{"type":"Buffer","data":"4KgKeKKqeO/9rezVT3BaXiJcAC9Qfw0eA7XdB3gAXww="}},"WavGxORXa/2k4x7joDxiB/93f/CK+uEeObyKrKrz6aA=":{"valueMac":{"type":"Buffer","data":"1DCGkBrSclwXEZx195u4nq96K0iGf2gzgOBzCsY7+lw="}},"WlmWIyo/wbCcKnf06v+wKy4n6SsXgsbME+tW/j1ky3c=":{"valueMac":{"type":"Buffer","data":"eS/xp5qOv/lGv6xDBVHeBlAMmmQDiRrIwYWZsFTxqew="}},"W8vRKc4of6WZNWNrpdD1bSNu2t8iSdXOi3XGe7Srysc=":{"valueMac":{"type":"Buffer","data":"gI9nV2MPIaTCNL17NG7V15NlJO+VVoKqkWXnKdPNjMA="}},"W9SEvhPo0V988AEwcaGjijTDAebkzN6Zv72dnLtd4jM=":{"valueMac":{"type":"Buffer","data":"exxp58QtKGss5/dsnd01WT6PzSN/2iuwTarzf/h85x4="}},"W/Vs+WIgSuMhQi4/xoT9WbkDGjmRCD5E4c0Mk/1rkkc=":{"valueMac":{"type":"Buffer","data":"5h2Ky2hveIvLOAvicIboPJkmkscJx9YsFPWhZHNnkIs="}},"XR8ppObhTMWT6XbmMkapRmDztW7hhduCowbTKuPE7mE=":{"valueMac":{"type":"Buffer","data":"fHRKOdjUVaTKocPG/j5lO6uBu2e05ElvYF+/BATPVAU="}},"XXnJSFV/Pq2HN2sviarDgUM1d4QbLuiuMuyyRvS1oCg=":{"valueMac":{"type":"Buffer","data":"/09zhWom8uEizRQGUfqLbanZI9eYdx79rml03EICtdI="}},"XqPjXNOAoL1G0aXlKc2eW+PyGQvBvwAqZF4jitou0y0=":{"valueMac":{"type":"Buffer","data":"EYUV4WX3pKaHLi+iis0s1PPA2Z7Af/t4HEZ6BUY9YpQ="}},"Xvh7bgYHgFWBSeLfGRJJQrfGmryVNB12+wKE/Rjeq8A=":{"valueMac":{"type":"Buffer","data":"kQjNtIeUCgANY7UKvFRcij+gP/xoOXZ9YQTdwC7QYhQ="}},"Xws7Ak1XRI6e7Haj3Mdpb9AFiE3yMfl5zfP16rDm4vE=":{"valueMac":{"type":"Buffer","data":"r5kbM3zaND1s3YCbW2/eBIMGJmoxNGzdiwWRt0Pv8s0="}},"XzOb9aLXtdehM0inbhbFBRhznisr8ax4+enyCGtkg5M=":{"valueMac":{"type":"Buffer","data":"RwXUYECK92OElmp0NlMInBySl0aJznZ2ObEhvE3KDs0="}},"X64os3Fa+bmI/z6tTh1E54PopddInJGV12iw+XnlJo0=":{"valueMac":{"type":"Buffer","data":"nwUZDmtBT/U9csrNxQXsY0GuZXbVx1lhu/ILteUeznw="}},"YuyNTtd999xIKUCssPM/zos1Rh6DEpkV4RFn6OU3ETM=":{"valueMac":{"type":"Buffer","data":"6s50/PPp7qeJYVBFtuzooHqCCUcg5MA6TkeAHf6SS7w="}},"Y/gdOz8X4yl2fOs8g10z5auTm7CUQxQQ8q7VdU+aWH8=":{"valueMac":{"type":"Buffer","data":"RzFNcvF1VWT7yt1J4oNgkIiQ9a4/WAD76L7YPn4NyXs="}},"ZDPMZ0ISjOeJKyFX6QMP9vK8Pg6UwMtZZ/JFaUC+Ac0=":{"valueMac":{"type":"Buffer","data":"Qq9rUZ95h3xZVTspGCsWQ6MvDL/XXNjLSTlV8DavZiA="}},"ZTYOpSsZFg5ErX+1OQ4IHtAaDsAhVxTh5LgLTzcwvL8=":{"valueMac":{"type":"Buffer","data":"bsUhYnKq9il6wC3smtpgbT0xfhMrlGVXTcZ2vlCtjIg="}},"ZZ2aRo6lSqlZAb+GWSezt8Cq6EcaaC167ossYsMZQbc=":{"valueMac":{"type":"Buffer","data":"9YQZbTjJHu8eT+ADX33BW1hzR4l7Tq2AbxYLvoHB1Sg="}},"ZcW3qFDCDGpmzT1vcZK+u9oqWb/xJKXFmuILDmn1TfQ=":{"valueMac":{"type":"Buffer","data":"kTi655ZCsYaMJUK5vgDfT58jtV77/KD9vaWrkAYz7FY="}},"Zwxf3eIF4+r8IefwoU2koWESD/u+pysTjljV4+YTdII=":{"valueMac":{"type":"Buffer","data":"+LvsCQnvmkjG4ODcr6f0K2gNSbeIlyhwK1H8IwL+X64="}},"Zzfrh64A42qbYTHqq3yR4VJuLvrDYsY6s6ZFwB6r+hc=":{"valueMac":{"type":"Buffer","data":"C97NWeGakkuL5zUIpdDN7o/kVfIl9MDglRUJ4GksRCc="}},"aRYIuw77ArwjJ76W8OEs4pbbDC8fUzwKSC5kcTCzC8A=":{"valueMac":{"type":"Buffer","data":"h2MKfJrs76zgkzqTpG07iilCjjYnVxNMLUUkHJv1zxU="}},"aRfMaBPsa50/TVKXDqQxwnJx84ljX51C/rwnwkKKK+A=":{"valueMac":{"type":"Buffer","data":"o5EVRUte1axzOT70azwjGHZotZhkvs23lbggTjqNBlM="}},"aVPfnjZ1ZNg+wZwOXZ7XAo3k3cn6ul5Q0Fv05Nuzmn0=":{"valueMac":{"type":"Buffer","data":"NmuZGZH1+H/6EF4iISWFi3FugL3eRLFLOFtN4Xad/r0="}},"aVrhZ8OMCyw4QZGAmzqBCgzVoOjdnw+rsuQxuUDI2Fo=":{"valueMac":{"type":"Buffer","data":"b/kAKiGuHnPnOv4O4Jv90aSk/n2f+v6fo4FLamRaXSs="}},"aZijs1rmzCqqc6pbu7ENNA7+7zRoDkgMquzIamvs7rc=":{"valueMac":{"type":"Buffer","data":"GKTbYIKX+FrcE5MJXocXNP6uic/kzJmPguftdBdRqOc="}},"agkjVtBpJo9Yrc/UED3DVX4Z0AXd0LNAkRnYKyCAEvY=":{"valueMac":{"type":"Buffer","data":"m6+hVSL6vHEG1wwgJGF514HD21Nrj0P8aR/WvZYAbZs="}},"amXSzAkI7HQEy2mrCDBGAB2RIKRZATgCEiJvh6NPbR8=":{"valueMac":{"type":"Buffer","data":"8WY8uSazYbZLEkedL1EmHu+fhUbWMyWnMAa5whXEi2U="}},"bBgi9qxhzWPNSjWEBfl5jKmFp8vwjvHjyMbrSyJtTIQ=":{"valueMac":{"type":"Buffer","data":"3wjFWC04PULgwA5gvdOMqJ9ysH13uqYjm1evyU6807g="}},"bTymFlh+7Tix07nVBrf+wKqEdrDXbCEj2GYLjS7QCKQ=":{"valueMac":{"type":"Buffer","data":"e0ogOe5kCyFc8D6oVrx4fFNYpd7OdUnJP+HlFXoXujI="}},"bVqgbxHFy6Mtumh1LKroJJVHyyOLAtP0PKkKrSFdUoQ=":{"valueMac":{"type":"Buffer","data":"/T4lewNCf2ak1Cmlmj3RCw2c2J2fDiuO3GuRx3Wcgd8="}},"bkQ5JwwvNgaTlrsr1w+dQukDhJndaOn4Xle1No88i5s=":{"valueMac":{"type":"Buffer","data":"zTrsUIxLRDv9yT5c6Yo59kBx7/51sTtf9uEf0367PZE="}},"bsARa2dn5p2v305ZbYJAGAp+EhJEU/JiwnGnbretf3Y=":{"valueMac":{"type":"Buffer","data":"kHf09SIRgUv4MQx5TeyHyorD6ijUgehAjc8DdiEZ2gA="}},"bsoIR6j+MxOflnOwrZpmQi04tSKFuFvgnH0uUGtX9CY=":{"valueMac":{"type":"Buffer","data":"hWfUBCF7Bbk74hBZx7ySWB6D0JCNw+0CCpd/GdNqeWs="}},"b1szzlpqjncEA8FvgpmJdA55O5n6me1InW9PwWqNMSI=":{"valueMac":{"type":"Buffer","data":"OdE5F4FqioWkHf9icfCEJVBgCpKEYJ+QnMwPYn9j6NU="}},"b4yfi6OyNRTYB7t+i14Z/fDsWq3yL5eYp2I94U85yrI=":{"valueMac":{"type":"Buffer","data":"7xL5+hUArI0P383ggoJ9R5ueo271BRB0Sm6rdCtoAt0="}},"b7PgObncboCNNU9yFChQT3lHQ25xQQYPl7E3OTJkFw4=":{"valueMac":{"type":"Buffer","data":"LcQbGskX7op+gpb+3yoO3dG1n2rDCEkgd6aHg4nn2OE="}},"b9ta7EISJ6oZNq7bbM5PcA0j5ECX6UbFrwv+JNaMMmA=":{"valueMac":{"type":"Buffer","data":"Rb6fc2Ult100mkFhwyMnLVDfc83h21FHhZ/ikOS6Nhg="}},"cLD8c8tut7UxR8jvjk4pus92EKYNssaK7UO2xabssUo=":{"valueMac":{"type":"Buffer","data":"1aN3/sspzhc4FtZ+uVHuT0QLY+toUu5CUNWCydGI0B0="}},"cO71hN0416hotrSsRFCLGeAEqAHUmFWqjK+p5XnBt9g=":{"valueMac":{"type":"Buffer","data":"b+qLGRRKdgsBCLcIbdjRkaaeyCxrWoNVWBn0Z6OxeNY="}},"cbfnkbYrVpqLJECeEfB1IHzF8UwPkzZ2kFxjit0LJFY=":{"valueMac":{"type":"Buffer","data":"xjWEyB3usA5K5bghZNeKJeq0iuDhcsF3E8sSECnMYmQ="}},"cdanFkimgFcKPYmmLYTafJfwMVmRzXazLRHdWZAOzn4=":{"valueMac":{"type":"Buffer","data":"qUbRNkaVnf+Vn8uzz09wQEMjZcDAXTD6hjaaDhqT0hc="}},"ckh+eDjrYp9Vittmi5vieLyLLFlyzPfUWtLfHxGknH0=":{"valueMac":{"type":"Buffer","data":"lV0KZLxAY0EBdi9hh0FMTU3884+lP4CGFX/yG+Q7R3w="}},"ctdD9LHVt8J5SzvKeDXjtlwsrMmFtUFAsawKlcMME5Y=":{"valueMac":{"type":"Buffer","data":"BfbcKI3AftDgX5YpeXGl2Y9/z5kqA1S9zlIHMEfZ0WU="}},"dCgYkeCEuBCpq/qVVicSVpvRMwm0I7WYyPUHoFm9LrQ=":{"valueMac":{"type":"Buffer","data":"Zbx5HGHaca+kyMAcx+Datgic36jfAN4gfA/gCXtqb+E="}},"dLr8uAYlwmF4prB4adSJY1BUIAMQEwpED6Lm3U2Va1U=":{"valueMac":{"type":"Buffer","data":"xmaSz732Q6FGiZxtG1jxjQhpMDvZKQhJBQNWaU8SSBg="}},"dbTeFUS+Jq5f0qqN62uQehfJnGFnQ3lr1csurUNqMkI=":{"valueMac":{"type":"Buffer","data":"hmtRwGTwl8nW06R4ZR0/R6XuaHi07jpU3K1Zyv/9t2Y="}},"dy2AVkGiDXH2A84fGH2yB+m64erkhRxqJuKJCqk8wOo=":{"valueMac":{"type":"Buffer","data":"AJ90RU3oO7hljEOirWXfj9bbAGtcYiK2tXnk+3tktTE="}},"d2DLyhoydVhP2XJYAz+bNAnUFBji6uNjynGKMCWfNNo=":{"valueMac":{"type":"Buffer","data":"d5YrsLBQfyMRLJlqYigVLfzi7cgWLNns+8s0j1T+CjY="}},"eB8Te4ibQeYGbaXWDW0zXSibGEeda45Q8AeA807cF24=":{"valueMac":{"type":"Buffer","data":"mi9PlLDTeVKFLeZ543SEECs9ynXh6Xrfu8fWOMcl26k="}},"ePcvAafrN9wHozJIzY3qHNtXbi7kYVUHUbhGxounYZI=":{"valueMac":{"type":"Buffer","data":"s57iEPfu4+5xDQhO+Mil18tJQghPuoD5Ka45MZ0ZP6g="}},"eeTu9O8IuL1iyP2eYuowipLu+EC2dIgca+ThsfWNqeY=":{"valueMac":{"type":"Buffer","data":"ZceNWEECSRrt0KxECIRNDtNYmJFVDA7r7STV2cWXwqc="}},"eswj8dHgUsMSDDQh+M58TEp/PEjSHiC4MufYv2tUAVQ=":{"valueMac":{"type":"Buffer","data":"4KYQBvk/r07XdWMmQhDuQtCxRbo2jFzGlYsu8UrrwgY="}},"evEBcP2C68ZilSAJKO/TprW8kL6YRO2kcZekBFfO7cI=":{"valueMac":{"type":"Buffer","data":"9X8dFSv7/7/9EQ8TprM9Pjo7rB3AkFOGCouSxRasz/Y="}},"e6YZxiq+KNkxpH+sXbH6vNOA2QFkVAPCje+f7IjuCKw=":{"valueMac":{"type":"Buffer","data":"9bQc1yoT9pBsohTGfWKMwDub1JD3BL6vDJF6TslnpdU="}},"fYkqnnMwx0euE8F2nkkYjoLhf/3FM5qpLgfhUtux6D8=":{"valueMac":{"type":"Buffer","data":"2zYiGENOEKvSfWvADSVv3iZKTIGkWinhQjrqSLk9oAs="}},"foOBQ9M6nKmfLDe0nw0/LIHMeLQUKlogZAEiMbRRJ+w=":{"valueMac":{"type":"Buffer","data":"TWu8VCT+8tvErfSJScD7+3DE9EPD/rAnoDa/0FzJnJg="}},"fozwhBCDSpfD8dixlmnijtWTiDp22B6cZHTV6ZFDZDY=":{"valueMac":{"type":"Buffer","data":"rJiCwg4dZ0UEGucyBJsophbFDJAC+DrWqa7yM6zccf0="}},"fx80qDxrUVyPHBKiornPbCQ4kZqCznHodtfuY93aGVo=":{"valueMac":{"type":"Buffer","data":"z1atqZIoSCAQXs34cPiCRm+QOyDGWJQYJoFHWIsiIJE="}},"gIkNaONP0eI+adI3GhFlRVqbK0yD8IoTaPKJfY04484=":{"valueMac":{"type":"Buffer","data":"DqiNh+bcR5YgvC+79ZfG40+zwNv2EC5of7EEU5tVL7k="}},"gU47pi20VDZe/c+6rElbzGKNGSIkwc5GTHfnZuGi8k0=":{"valueMac":{"type":"Buffer","data":"o26nSm+1KPyFuyipCvQ5EWGAsNkMsLFVmKAGX/juads="}},"gdOAw0Xirz97p//ovRb+WBh9mOHqAwLoNWO3roMh+tE=":{"valueMac":{"type":"Buffer","data":"7rwjnCDU64kv9xqdDO1mKdZcykfcpU8BkXe0inkMsoI="}},"hBPRf/pSTtIozFkggAlXjgiMiqsVbV+ySBB3558OiPU=":{"valueMac":{"type":"Buffer","data":"zIw5v0kIFweyYu5+QqhUCI5TLWRZyM6GkKD+PiChHD0="}},"hB1U1+KS6hK7fjC1y2+HyXhgdNyGmcfyxW4XUjDQxZo=":{"valueMac":{"type":"Buffer","data":"MhiCnhHVY/+j14EPV1OYET1SGia52nevNHLncPF7fVA="}},"hHqQA3C3dFd8DSIDhmmYBkSTGVC4z7YktD5nVbh6AEs=":{"valueMac":{"type":"Buffer","data":"ydtW8AdiXcvbKsEEEejDm4VUPy3ZEXTusRE1IfR8nHo="}},"he7Q/5SRayINqtFCZsJOFP+4ons2IboQvMHEQfbiLQc=":{"valueMac":{"type":"Buffer","data":"Q25t6Ltqo/6SbmB/g1DGHWbw7Y56F8GpCR//98Wp3eE="}},"hzBMFJM14Gp4LqFbwlyb7xe/7GxhRR0TdEZMQkzK+xI=":{"valueMac":{"type":"Buffer","data":"Hn1m4ceLSrMtG2HiJrmY5B628UTPuuJlb09go4dl4HA="}},"h0OMKUH0y63alFHg4MdgPWbeng2Cz/aQHDJ8elSyYcs=":{"valueMac":{"type":"Buffer","data":"Sb3DtmqwXNMPLBhSHbxl5xhX9FGPwWuGAG/IjgisEnA="}},"h002U+LmJ9WXR1L2esIM6qmGM8QZhjuIbFzNU8vOU50=":{"valueMac":{"type":"Buffer","data":"G2P/wjkrmxsHM/D9LAqcrl81OFaPNoZcRhRkmn7SQbA="}},"iJqLJ/gf90Xe+bzvDDc606YmJU7CnXyhakXXs4EX78Q=":{"valueMac":{"type":"Buffer","data":"lqqPXnyqwQsAP6ym5iILxf4ZlQG+317zOh3j/IoQi24="}},"iPKd6NTDl2W5tuinv+vlPQesUrCFK2r8FcneL9J2v5c=":{"valueMac":{"type":"Buffer","data":"VYQU0ju3Dd4IxKxbTUaKdBjnKjOzPoFrfV+Jk9oe4ow="}},"ilSCX3ybU8BQ+EcoxfR3Uz4nNuZ0nm8qvXGO2av7Iic=":{"valueMac":{"type":"Buffer","data":"lXoMu04JcKtJ6ffrBGXa2k6RaIJT87f2HfnUeb1irHo="}},"jQaiaw/l8oISXhjV+Tv+yGW1UJBzbSwg8z308xDM9SQ=":{"valueMac":{"type":"Buffer","data":"qK2CCa9S2dWN+K/MmGIU96bKdA0Fxy4azhIto6OU0d4="}},"jZ1Z3Bw+knXkgAu9WaLbNH4OEBWnpsBZ8Ny/jVuG70Y=":{"valueMac":{"type":"Buffer","data":"tBt5vC8VpfiLiK6dmZs1SdnbXmEFN7F8Vei3TbE+whE="}},"jmEJYGbx2dmLDVEOUMAVK5QnOlLb+oMvupoRoz7kpUw=":{"valueMac":{"type":"Buffer","data":"9ko7iMvQl2fyjquYyqw6AKT13rVCTVu0kLoi0vEsviY="}},"j0jjyDRz6+UK/LouXRdMp0HeziB33i159sBemq7R5/M=":{"valueMac":{"type":"Buffer","data":"j0yKm+rqipV92X7GR1Ck4ce6XjPwliaB4Z6Qn5iuKa4="}},"j0yg3K23t50XpDQ5ez+WjGQ0fd0ywYz1dj/JEYEmLrU=":{"valueMac":{"type":"Buffer","data":"2hzcSy2bvt0JeZtkxztvK6P4ZHFAP0i4BXaXQ1SdoBA="}},"j7eDKdt+FWP76Vi4GzvrPlnb7KwDskUKWjRqrR92d/M=":{"valueMac":{"type":"Buffer","data":"Y7zp1JJnpsvwKKyOYBXL+iPWdQNoBXeW7VpC+7YP17k="}},"kGTrjjH4nVVFWU9C9DgFej6zv3fhw4QSu/NAHxCuArc=":{"valueMac":{"type":"Buffer","data":"gCVpT/vKzgBDxyK3Sxn4nUUVKqJFLPaAo+3N9f0BAv4="}},"kUPpNE/F/dIXe+uG2QpPLA+gxnB8uB1iuCTLLKbZyW8=":{"valueMac":{"type":"Buffer","data":"bdPcNRny07G6rpRV1wpHdRCgWrpGrWGitwq0HG0HiBQ="}},"kpXBpt+pk7DZGE8HqA450LDVoLR2rqKeO6EvYy7WUxs=":{"valueMac":{"type":"Buffer","data":"pF7dqqhTNpj4S+9pzhGQZ4PEld8Bu03m4Kr08Kx9UlA="}},"ksxT5xixNJTkd0qeRyUwLVIS3EeUoyRbtQ9Ic0U54PM=":{"valueMac":{"type":"Buffer","data":"nO8uB/jmthBtHn9hgAX6B+63WY1EofrUzdq1WQD/OIk="}},"lBUWoWQHBH6lmi8AIcEvoB+lX7n3bjwuK8ZAa1//94o=":{"valueMac":{"type":"Buffer","data":"1xxBs2hO/+jV24Qqyy44xhFl/Kpb4LNBmzVCfYGllzk="}},"leKcf2JQGgQ16vnMFKp+vXfmzQRaZ15gn/j8NyFU8NQ=":{"valueMac":{"type":"Buffer","data":"sWaxvVRRQctTfYj0B+8xd57qE00OEJvLzqTJg89szZU="}},"ltqdfwwnP0sJhAXE11LslBFxDEIG6nyP2rMqWaADkbo=":{"valueMac":{"type":"Buffer","data":"2O7DUd5s+zjHBw0fFvSMTPviwuB1AjCMELZqMwn8Ypw="}},"mHLu++PXu6kLKYSZu17FaA5Q3xxrHQ4RL3sqXzK9Vac=":{"valueMac":{"type":"Buffer","data":"UgClMowF1qrfzgko1xL2cWMY1/eBaCZWB/Q/88Qa1mA="}},"mli5/vSasBSC2cJK74ZpxA1yUmCGhL+6kSxv7NTJjhs=":{"valueMac":{"type":"Buffer","data":"cYd9wWllgEDrEPhl9a90y6+/4RtRd9Y1N80lOkTf/cw="}},"nMZCtx6rvS/jtMgEidY0ywVN9esRlSvoLbnFoZEDp+k=":{"valueMac":{"type":"Buffer","data":"0lCKbYPjK7rywYr+5098ujgEu01ltydFiAK8fPAXcWI="}},"nquhbTBGUjrY1JlIbK9mK+ulLX34E62CuUIwsB5krfE=":{"valueMac":{"type":"Buffer","data":"l56Zs7ibDMXD2JRCuFH+U3v6zigmo7AO20HPbAWIEvE="}},"n8Rm10dLaBEXrhJeH6leDFDQpXijADUF0Dy7ZdtLF54=":{"valueMac":{"type":"Buffer","data":"VvG+1jsd3cw6qxUlYPNGvAm3DeshzCUYcVFN6jnFI7E="}},"n+3k+drpnLeA6t5J3k6hGF+k29mCNCXyNAlpRn/GF/I=":{"valueMac":{"type":"Buffer","data":"xeMQ8pZlb9EbEH0HQ49oPTh/B1y5tr8MCV9Sc4kKVDw="}},"oBpr/3NUP/Xu8laslxGk0dRgoGgyWhOHBlFis/AG2Ms=":{"valueMac":{"type":"Buffer","data":"5RNyzjvo4mqx2Wyedw3UYY1AA31WlnSl+jnTHCO69lQ="}},"oCm5wcApCaU4okhupskmBjTXSOJzJ+0cWpW1/G38uPQ=":{"valueMac":{"type":"Buffer","data":"D7Fz593lBeSKYmdGnvD0m0rxoV9ML51jyZl8aaA+cKY="}},"oZYeaPmtl9Ci8boZD7PV0jdwUzMqTQ0/WrE1gfy6nJY=":{"valueMac":{"type":"Buffer","data":"UPvvMKcFnQOVHqtoXb546x8deviEIyZsjB945ywR6Uc="}},"ocVOslpiuuc10EHUeiU+NPsoLNxhezoh2MKL4iyRlCs=":{"valueMac":{"type":"Buffer","data":"ENEKCD8VWvJH7LQ2wLlMNFmnQcD9IcWoPtCAXmHNRgs="}},"orrod1ZsRAiCNam3m/XWLGht/y7+h3wOKAfPp59/idA=":{"valueMac":{"type":"Buffer","data":"pr1xg6wX4J0SdS2FeL8IxKOFCSC3t9pa+dhp5ECFOxM="}},"oy7f+BBiyIJh5vbQUbcV1aB+o7HSc5FNnJQv4VpaXKA=":{"valueMac":{"type":"Buffer","data":"u1+gm2T7xo1JICDw9ZUFJKrhfWcfmkRayGgFJpAO8f8="}},"o4iJFI6K3I2q0Pm26wZpRdGMM1IbeckDjFKRZRdvI9w=":{"valueMac":{"type":"Buffer","data":"J5FrjU4J8YnkwIge30pMFwC2bhxNBefT1BxHj1J9ddE="}},"o9ZeibtO5nxJkj3+3zevFgizSz5+ISDPAl47RKwdms4=":{"valueMac":{"type":"Buffer","data":"92TtLNDTz+JzI7nVJwVoR0ySR8MTolFhLLOPwzGGMhE="}},"paApj4XZtJiWEAG7Jd/dSS82MpKZfT+Mvjipqed10nQ=":{"valueMac":{"type":"Buffer","data":"rH2BDZCs2EK9Y46NDLwP83onsSZoERCTf7tlzqxBrPE="}},"qFZ1XSg5YFhUXzVtgLyZJATFtwMaiBKmhSFJ08l7NYw=":{"valueMac":{"type":"Buffer","data":"T8jM14EB9MEXsIu2a9M6aCE6sN23lDYQAn4Ix0Mlq9Y="}},"qZJ1R1aFWV7uKfhDPVUs1tFnH4M2ycWft4H2wYWKbM8=":{"valueMac":{"type":"Buffer","data":"L6miunepmbiXBJNpi7pYEQiHHywGkGRM8wMX2X59umk="}},"q+qoCqzTD/ra9c0DDl+/OIysI6SYQXL5IW0DMuaIM50=":{"valueMac":{"type":"Buffer","data":"qpxnW6xFBZ5v1cwTacLIRoaz6P19oXY4LyJrOQyYStQ="}},"rJN5DXkjJ2llDINiP1NI73+yfJGzgSHMf5zZc6wVJmA=":{"valueMac":{"type":"Buffer","data":"Ol1kh1yei5l/6F0rDcwP08WxTdLMkWxBoiNNx2V6Ky8="}},"rL3e8tiuRJrZutX3u0B0dmo9bdVpvxX3Z7rrYCRpCRk=":{"valueMac":{"type":"Buffer","data":"L+8IJAONXHCo/aTmM3Ce+QXnmc6RpcCmmyRphdKEPS8="}},"rO0P/KgcAIjfh9n7RHWPBgMHUacdFpjCoGqqT7bzc/M=":{"valueMac":{"type":"Buffer","data":"t8WDum4OoOsrNn0c18aqTLyIaE5tC+YdIrfXimMAnpM="}},"rYjgrwojwj1phI2sFj6DEWNTK+Jl8nyMCaDzjSD+u3E=":{"valueMac":{"type":"Buffer","data":"8gAhTfnlONgMMV0fKqYrnHQu6BFMU5ToDBsxDkjqtxc="}},"roemW21lLvS81/EfqWDtJgXvrjrQYRJFQQU4tNxfQuY=":{"valueMac":{"type":"Buffer","data":"xIzaDaC7iX/LUSNz1IexWB96GwCE2D617zm0czTukuw="}},"rsnJxlZAxvOXHBmM1xK9zNZ6gGD2oCetOrpuSoZsfF4=":{"valueMac":{"type":"Buffer","data":"F4Gw7LJ4K2CQ27NHawAscZjwPqPVWPZgfzi1LJBWQJw="}},"sLDtidE98IT03muFs/tE9lCCj77A0SOuT7lfluRaJEQ=":{"valueMac":{"type":"Buffer","data":"goTsB8678zpWAMxNhIvDPqZACrEi/rl4ORT5+5nDw54="}},"sNZ2MnPRho5nhIQYhthFHJQWCNXbaxdpMjZrf032x0M=":{"valueMac":{"type":"Buffer","data":"fZm3MCcrAuDq92Kv3B0NT4WaEI5Z3SYxPdCKq9+A4Os="}},"sO7Pk/CmoZV0MdIOn029KSveKu0p9ICGeEoWEsM9p/A=":{"valueMac":{"type":"Buffer","data":"dd4WnjQMa/j8kcxdvk//ckipLgpuU7UFWqnPGzqmU1s="}},"sRCbk820u+22dWOwIpNOgjEhvlnRVBFKg9C878/si5E=":{"valueMac":{"type":"Buffer","data":"rRqyRPNr8DmcU41XZBUUQRpIr8TSswxvhrERx+5VyGE="}},"sXlIPEtAvxEToH3VBh5tzYCrpXztxEDWGMNuN9vX8zk=":{"valueMac":{"type":"Buffer","data":"mb0E7vKnIjAMX5vqdkTn76RUsZFHk+Uwt7SIib3CPsw="}},"seQ1LMfrfHX3fuFVjtWDq9OEhgVgJrSbWQkWq59h8mw=":{"valueMac":{"type":"Buffer","data":"XBnKFthZy26GYPRBgVvSXVaNoma6tO/4o5oNIS0lWb8="}},"skt7n3MpX1JOHQmqeJ0mnUQFG1qFf+radhtaPLw+NaI=":{"valueMac":{"type":"Buffer","data":"t8Vlsz8BCPxnXx3iRu92jb/HNdpaRDTAj/k+KYMLPls="}},"sowFNpEH9AiuQaE/xRRmqY0NFU3dUWWtCHKLyukG1Jg=":{"valueMac":{"type":"Buffer","data":"VhVRAN4coonc/1WeTgms1pJw+IZ6XHJ0NgRG6KnR0CU="}},"sqeaJ/6a++J+B51H96xvjR9o54S6gOhWZrhF6QUYDAg=":{"valueMac":{"type":"Buffer","data":"SfGsmpBpVxJxxYql4l+2X03L8O4EzWJtH9Lpi5D9WgI="}},"s+NMyDy8SW/di+QcKFjfnSmiEEGT3AYjRLaeuRgHv1Q=":{"valueMac":{"type":"Buffer","data":"01J5ANgVI2uoo865+rHAn5jMHTbUnpNYwO4RJVMn5wM="}},"tOoPuTqay+poGPwOQrThW31vehQzjq1SfP2OuTqoKOQ=":{"valueMac":{"type":"Buffer","data":"b/kHc3eIQfexwuxGP+e/vnOVp/IPMgI8ap2PNa0+9sk="}},"tUogMS7tA4tAM3PDsbh7ClbFy3NLMtKpmcW4Qr4R6eA=":{"valueMac":{"type":"Buffer","data":"xc3mgkQrKv2PvIF/D1CsXAE8snBbbOGYXcYzZNg5UZo="}},"tbfPdmMJZl6Pl38L1/zRjs6Mao287CygLupu1EbtbsE=":{"valueMac":{"type":"Buffer","data":"Q9myl/tHBHYvlx2V6zDXOkXeT8RaCUfwYEUkk0LVXZk="}},"tiq3twE1yVxEz6V4hd6UlTI2KXVNAIqvreKUmouWy2c=":{"valueMac":{"type":"Buffer","data":"x+9AIKjfMJ3UzKZ5gEQlFTPq+Vqbt10owz8AJEu/pic="}},"tlySRlDIUVEgBv3fccSs5qHwODm0pJ2jLM9WOPV+PGw=":{"valueMac":{"type":"Buffer","data":"yWlttdJ6J8RJmlwHU5KnI0JjJ7xlSCV9UM2NYvi3vmM="}},"toNAi8KSfIvOU1iBLZvxoNQDMSZAv1A9EvMelAuQv1o=":{"valueMac":{"type":"Buffer","data":"w2xRvY6t/8Fb6LCpk0wTTA8cIG9Fr6pK6E3wY7VZY3w="}},"t2wdwQdZ+wsPVRbXvBGqpLn6vvsO+nJm1TCBb+NaYGo=":{"valueMac":{"type":"Buffer","data":"ftc+acEYTZQw/5jWvYCwl3M2q63YrWExSegXYaI3xMM="}},"uAWTeDPg+jz2R6CKMPUfUN8/sySRtdI6rCRNEK5Gn4s=":{"valueMac":{"type":"Buffer","data":"sM9wB7sTvmjSWSKSfkUb2PGBKLUYlSxfRoyN9mZ1TSU="}},"uSfW6auljNSfMpkW6R2ed8oYXiojaDNq04h9nYkhaZ0=":{"valueMac":{"type":"Buffer","data":"u4JVnxUpYzdokYh0JtLw5+g+v6CAK1AYVKjUMQ22EIY="}},"utrYBaG5a8S1BA7R1tc4pzWR68OpW1e27AKSaq4OBPA=":{"valueMac":{"type":"Buffer","data":"/KQ/biV9tj+ATP4X5jxA87Zg4Wt63Nux5pJH8qtFuBo="}},"u3UpdPkl4nXyJzxSvNQu2gy6czQ0CLKtfuyKBGjf8w8=":{"valueMac":{"type":"Buffer","data":"BDxQabER1N+cxMoBCwEmVWhr66yFxWUu65R+JMtGYlU="}},"u303pO3M19uTwua1AYBVLxd2gBOyPdv/xK2lVYT64oo=":{"valueMac":{"type":"Buffer","data":"jIaegIPHZbO4LkKrYZ7fKs8p4B9ekkz4K6d/JHWNHqw="}},"veDhTRs/7Hvy6xQMhyPWuxWq1fsfGB8BCjaDL3ZLzLA=":{"valueMac":{"type":"Buffer","data":"OY942Wwj3UvbfByjnnwpcZc+8ybt0Hm3VdrLP/hD1A4="}},"v2Xlf6uzdLJx1i8nkNCM7Nx9pI0nebi/pUv0XDHaTIM=":{"valueMac":{"type":"Buffer","data":"X4QXQt61H7Il5RaCGkLhoNOWIeQEuyxvblB7zkWAdck="}},"v3fk/QWVEriUMi7c5K50st0804U+4ocUWNT187s8HZw=":{"valueMac":{"type":"Buffer","data":"paAH/8Xt1ZaleP81oM8V3251H9CbWfZGYwNCntuCZho="}},"v7eNoVyp1Nu3YZfUL4auTY8h+q4yMIrDlNmPNCgiCrs=":{"valueMac":{"type":"Buffer","data":"6SMhhJ6R4lftd86hOvfmYEwRtG5E1ruogPFmYsG82gM="}},"wAP0kBN3CH9DnHwiQExTvR5DMUxYG4DDrpqoH9Cm54Y=":{"valueMac":{"type":"Buffer","data":"f2W8QJrkqAQnvOGi+eQFT/WvyX7fZpk49Hkb5wH1gfY="}},"wE3gfK7yePcmslBRBlEQ9u/9Zm5vyvw/IjPS6aOfsBg=":{"valueMac":{"type":"Buffer","data":"JQXPgL5EbKcouJTAMkpbH4OmyIE+0OMTPEC1YTxDdHQ="}},"wO1ah37SWCcJFnTBoWZ426CXD60x5IIps84vxu9K18c=":{"valueMac":{"type":"Buffer","data":"mw92Ejycj2ci/BGaciH+66wV4hpbzB+UAHIMLssESCE="}},"wQHHdRq7EfkcwNsMwDi5yGNHrX7PJPGS0K8KZZ83TG4=":{"valueMac":{"type":"Buffer","data":"XkoC177C2iip4mBk0c98S58D5FuRXCFfvyzQ0hn2iPU="}},"wfeg/YjDtD3Hcp3waCJp/XaXpsmTOV4iDLo6OyvscmY=":{"valueMac":{"type":"Buffer","data":"iGoILK1Y7wydJVaayaGDKli9DTVyxLj23gAvS4111cQ="}},"wovi6YKqiW6FVKKgRYTRZgi/NQ1UDtPoJHLzuFabuXs=":{"valueMac":{"type":"Buffer","data":"KCsa8mdeT9P5GRepxOrt/sqO1EvwMPq6YtmPTVlRHsc="}},"xQ6fCN3FbyiBThEZXLyHq6TAgGZEnZvPJPHXHNnOV6Y=":{"valueMac":{"type":"Buffer","data":"tW4iJT6AOgrj0lbZpHajRA3NN44do0ARI2b4XFtPPjc="}},"xTUOwoJ4tvBt6+R5XWEL741UzpLbsrVpVXBdujlSss4=":{"valueMac":{"type":"Buffer","data":"YNpR13ayt9rGek5OWkzp4aBMvVbxCi2B+Q6hrDayPbI="}},"xUNLshXwmWucYRA6FXovuNg5QWcuwJVr4+BXfCfErYs=":{"valueMac":{"type":"Buffer","data":"aXMSbmYRXCdW5+TdebQOPxJFyw/MoDtUqzpp7Ubz+Ss="}},"yJiA6Jlmo/cAoVJD3tlnU0utSU3tuPZsY65+xbgAMCQ=":{"valueMac":{"type":"Buffer","data":"CZAQIzrPr2Gt9SW7/p9TLDxlbjC9rTKy/tZ1SmHOuCw="}},"yaVqIz7HiAMUK6BdHbHuqFjjFlhTcKsG6xXlRXCyEV0=":{"valueMac":{"type":"Buffer","data":"W76yHesBAOGa3u8nOfAUASYjOpxyUJuLPQy5tWB5pW4="}},"yidu8tyBmVUN1x8eUOUN4ru6yjbaio9SwchgKMp5B5k=":{"valueMac":{"type":"Buffer","data":"BzISpwMRki5xgXrAlBLthgTgEe/J68hPDIZalcTAi0k="}},"yzAtdaenn9fSDGXFiRRTQ627X+c+De+ijGu/MknUdsc=":{"valueMac":{"type":"Buffer","data":"yskIUTk14CUL328AtqtBRywS66og/lpquHRnryHYYV0="}},"zGts5eTKAcqsR75zuTAQWzT9jP9t9FCnrWW6rVLpDOk=":{"valueMac":{"type":"Buffer","data":"p+tdM0prWvvWj+OZkUw8NV9rjqn4Fml7jxTTBI/Npn0="}},"zQRSi40gYWje60zyoFoJque3GgD/0GaVQsq5N4OdGPk=":{"valueMac":{"type":"Buffer","data":"9jgPq3PoVBZMr5Hra9Q9PP5TZXAz4Er9L5tpH1gxjwA="}},"zSbOkZojjG/9J5Ma91YgFd7c4oSRM1mqZi0FijNHwfs=":{"valueMac":{"type":"Buffer","data":"xDwRcnEGkXVyvR15lovYfVCuZZAoGUSWkceQB9RuNQc="}},"z19sfuV0HVW+1UPgUUIuP1LwNA8k4PfXqFjTYaA4Fm4=":{"valueMac":{"type":"Buffer","data":"PPn+cInGVWKH3lCb5eZG3XFSP3/eBZ6wPVewNKHCRLg="}},"0o8jwsz8X2f6AgHh8I5r4B/YBqznTXMsXGM5tAbKoXQ=":{"valueMac":{"type":"Buffer","data":"3igQydv2km0DgoWI4iRJQbJHLgaiu5xVxoKp2+1lhhs="}},"0xClze3mAL9jT87Npwpas5uucOeo7CZY52QYJFNq0VA=":{"valueMac":{"type":"Buffer","data":"2fv/MhANbyW42+W/nILzPuDj50iWYeiRY4sCxecbXwo="}},"1KAIy4rCxwNSHItRtRI/MpbD98HKIBXYRGNGTAj6cPI=":{"valueMac":{"type":"Buffer","data":"J1zDdxLHBhGK3VW9geDJIw6YcM92InaeGeMbi9lj9zw="}},"1MhV91jPPgVb1WU4ANf+Zg17/2BdhPZtE88WSN6OWcc=":{"valueMac":{"type":"Buffer","data":"ftXVlW3bqkr28CxP6EBFHvcVhdTtvY94pLvj7OlJl+4="}},"1QPzLgBIMOqz/SxYdxeCrqAJIG8EoikN1i6NpM8Kvkc=":{"valueMac":{"type":"Buffer","data":"jwUSQg8eiC+ILsEKsa++V8R6pDCrcW1UDUGBxRTcTxw="}},"1j3VUUtE5U+24bNG5CNIIBdzu6fjOEPaAPgDYRemzPE=":{"valueMac":{"type":"Buffer","data":"NiaFDfEN7Cj70g8OpfQFJhleaG6tRXJWTMISQY9YLWU="}},"1q4k10vnl9wrYm0N1cSf+wNuUj/iHd3/aJD1LAJXmlU=":{"valueMac":{"type":"Buffer","data":"8k46qJjqVIjwIYKAwMhyLAr2x/U6ORkaQJRzxobSWxM="}},"16Ns3HN2ZwL8k/BE70r686z+IwMS/7uIiig8LxPopjQ=":{"valueMac":{"type":"Buffer","data":"alWN8yzUp18bWRjsBlGRhj8gPRVWtBXWGUgXBgDPZpA="}},"2tme9orKVVC1kK5SiHKsD0ORGjkDniFjqFTsindIE84=":{"valueMac":{"type":"Buffer","data":"VFk+uBWEuNhH1H7Ats+Py2AUQsd9ACkdZfH4rE4TwrU="}},"3AznXYknhRK50Ni3yjYMdmTaCxK+PHVZhHEU70mIU/8=":{"valueMac":{"type":"Buffer","data":"FpCxTaGFgneMeIR5qWVBijDaBQiPhszZVkl8nNnoEUk="}},"3PZkFrk8Bc2msCB48ixnvwiq/oPHrD/2haTVYJwxI2A=":{"valueMac":{"type":"Buffer","data":"UfneY8YRkmhRtjV7gmXUMYBXZEPvp3SfnGlvP9L4MZs="}},"3Pggszr1TwcwJXBH5r69s5I3z3qguNQ+lP6YG0tG9D8=":{"valueMac":{"type":"Buffer","data":"EoeFE7kZr/+IP8A4aTuyqUab+mMRMsI7D7bNWcUCbY4="}},"3cL/CXpDx6HBa5asiFzeBoID77WXL5qBtNHC2MX7Xbk=":{"valueMac":{"type":"Buffer","data":"0z6fGpybBOAFqhAwL+JEYwxgXK5GNRtegrkUlqA+Y+E="}},"3gbGsag5Zy1k66gSu/qu7GW3n/YFwRujgBTrNYjxLyw=":{"valueMac":{"type":"Buffer","data":"4iv/bviN5ZfRwNLPkdIrGgmApUyYLwXJimsr9kzKOUw="}},"3sPX0bt6jpVemrpEJp9YxAEez30k6qHvSDfZN7Xaprw=":{"valueMac":{"type":"Buffer","data":"2A/axaLTVzJ2yFEX20qSq9IjlN6r7M7Yzsfavc69gPk="}},"3zuZ0CjC8Qcq4OsGVRMIHwypgZBx+qdML5CKdPeMFdw=":{"valueMac":{"type":"Buffer","data":"2kbpX0aQ8fOx99St78qn3VTIxo0S6Xch3TVORYYDkD4="}},"39Yi2KyfumG27jphOZTeyvY4vwLSpdgxw4dBeLlciwo=":{"valueMac":{"type":"Buffer","data":"sh7tNUA6iBth4AOv053ufMMcOGr4jFW0VZHhNtagb5A="}},"4Bh1g1/1a2/0qxWvIbsTb+x5cvZl5vhAjzLQRb40xXU=":{"valueMac":{"type":"Buffer","data":"ssFZzsk7r2TrDtaTXIb37uoU+W1DaRFSNIFj7i3/few="}},"4Fab4H4FuAgmEg2Ls8BGFfsaVwXt0yseTFd6Ov/iCK8=":{"valueMac":{"type":"Buffer","data":"T1Zd1WqiVN+G7DDt7XQLIiYbd9cWUpk3God6eGbblkU="}},"4Xll772SZDv6mk5P2Db+NrKsNSFxG3rWF02XL6oaO4Q=":{"valueMac":{"type":"Buffer","data":"1Qoc6WPhQQNBlJcRtLf2ly8uZywWLeKTTMdQBswC0gU="}},"4a4qHeF18xEYUNWrYOkY9Id3KdnXgy4YM7fpl0PLV1Q=":{"valueMac":{"type":"Buffer","data":"9BaLLH5tA1JMtsyu+Ha0quScyJY0AlG4JvvqfcLKDMY="}},"5FL3Sm1uefMbBZEBriufSXDYSu1a3OLpMutAHruP74E=":{"valueMac":{"type":"Buffer","data":"5Um5NpSyrs2izmOfklCULetLAWQEPj3wCiz6O/DmRXk="}},"5TjMLf5Ky7zECpYU1/v4OqNh79d4glrPKAx4fyHkltE=":{"valueMac":{"type":"Buffer","data":"plEtbxjf1gPOvW2gl+JCitvo5ZLpVlOCr45q6KGZbzE="}},"5VKe2t0UgTCThfO4LYyv8QQj8aq/rYbyVt5zlmyWi8Q=":{"valueMac":{"type":"Buffer","data":"upEOnJ2KFFZRMX5KEzD1T3rQdKlVaJfakEZNNZxNuBY="}},"5fyhl9r8A7+3mecvhH6xQ2e2xkJadiLGDOtPJFWaXFA=":{"valueMac":{"type":"Buffer","data":"Evubmh+IaXcTa0Vn/bwEcF5pyaGI7ZmknAB6ILvY1rw="}},"5thS2beT9ur6aB685svcjQX+GUJDFnn0s3xKbH7LXoo=":{"valueMac":{"type":"Buffer","data":"1Qv5cxhsltmaUrXEvstRtRT9ImHbYR6JCPDxTJYTcZM="}},"6XM8pyJc8bSoptOeS0jnImP1Zfb4szZgYJjntjR3PxE=":{"valueMac":{"type":"Buffer","data":"csfxRt1ybn8w9eETmvLVRWcb18+DWJ/RqAXHtgdTSEA="}},"62ZxUhT6U+wJLQwpaT1Dfmq0+kB0ti4Je8SBiOj1ZQo=":{"valueMac":{"type":"Buffer","data":"EE4nee7zSabsKqU4KCEC+ZK5vkN67i87JTyq8zK3dlY="}},"69cUN/G8U/CNlIFQxPsSUJqCiVfoLbPiltplm129eVU=":{"valueMac":{"type":"Buffer","data":"wC0wbU9qDYqZJg2Ym3O15Vur8nwQAlNqlPpoTomsssk="}},"7IJv98aFm79AKqujsmGT3dEXTB92KqjKv6hiuWjliTQ=":{"valueMac":{"type":"Buffer","data":"uAd00ZWY+8+2ijABJ7VDcIyOPH/iGwpEdq5e/62MOiE="}},"7KsRp0zpBPAQbA73jw/8IXVmmKG9nFnxVGAJG5dCNCo=":{"valueMac":{"type":"Buffer","data":"AiZd/zCHX0INFhqtB7SkFQaq9NinbJZ00gBbTj32FTw="}},"7LsDgT3+z60BeClxo65zpSwLgtYbPIgaeZvElnVedrI=":{"valueMac":{"type":"Buffer","data":"D4m+dizKRfYdxdz7QVMlS6MrgcqDLHAymwgKWlQ9tzs="}},"7nFkYFlX7qY9RSjelNb9INSot8EttwwwrsloOrkItw8=":{"valueMac":{"type":"Buffer","data":"leF3tD379GY0GfybaZLPK9lKMAjpdOgzOrGWMhIqeAQ="}},"8KQRMIHzYY8eo1eDtccZGbZVbA5JGTO8SeZj+Mp2HOs=":{"valueMac":{"type":"Buffer","data":"2XJXPuEPWaDkWbwdHGAW7kLqkNgcR4KgjdviJZnp/PQ="}},"80iorOTz/0qUV1zi3IVp9Z059yXEsaTkZE3t1Dc5Khc=":{"valueMac":{"type":"Buffer","data":"TwKxKwlVKQrqlyfrHgatpC6DX9YqsduUbzmZfl9Zii0="}},"8/YVYz/lTojiI2wYQV+2GamBsrpXOUckYrzmUfSFSYM=":{"valueMac":{"type":"Buffer","data":"v3FdpF936m43ueYFtE1ZvcZfv24pE2AaouikYafAGBY="}},"9Go9YLvjlmSZDb11JSRyEXvzQHM30TKuqJzfiI5hbH4=":{"valueMac":{"type":"Buffer","data":"2mbV3DD+N3oV0peyhG2jJisDIdCEX6LUbhucUdBPvk0="}},"9PbGFiAQqtYbOD7MomflfwLqkY5Yh0YCrAjGEyAAcSk=":{"valueMac":{"type":"Buffer","data":"il+GdXrospLpg43RSgMgXWiTy6cPeXp7RHZXmM0Gfb4="}},"9aK9E7q9cpxfL+jPlAuTBh0wkulkPx68rY5YfgwBPQw=":{"valueMac":{"type":"Buffer","data":"sC+WbEiwC4uF0B5pXRhj1zQdRuzI75AB+XC6LOsLYQs="}},"9lNYBcIzx4AUQq2pHYvPdbZ73wnSQq3p7wFS6Vnt/gk=":{"valueMac":{"type":"Buffer","data":"qpu1x8gzVedxYgaZZsYN5Te/28YOC7nqIdQLWU6AE1E="}},"+GDYtGs8SINecGEvDa3KaNcO8iPYwG5VKgXLmqgaaPE=":{"valueMac":{"type":"Buffer","data":"dmxAqD2NUcmY7Cq7Nf+xpIe56Nj4whiuFQlKtWQbAqA="}},"+hUGyyX/QOuK31t04YEUglUCDaGMU4qxIwWYi89P05U=":{"valueMac":{"type":"Buffer","data":"Qus6OWYfryZCE/57mJyDDCLZv5yiL7WRBwiEQvVvTtw="}},"+ojxwwhFVH6BPsVEL31Y4wZ0w1X4W+XIvRhE0wnIQP0=":{"valueMac":{"type":"Buffer","data":"v9gVNOx/hupULK9xIWqCVhryrAKASJJr0I0NqJRnfo8="}},"+plkjc+7mdSXTos9vgW48uwSrjrScADgVecPw0k2eio=":{"valueMac":{"type":"Buffer","data":"5hybEwPJMnLaFVnd8zL4NDzfaTVc4oLXrWwWRO7l8wk="}},"+rQYukuu6wjwwSfiZk0tQU8nCy9GLXGgOS8UgSWUr60=":{"valueMac":{"type":"Buffer","data":"3CV42HrOVAVvzz45l/YDcWL2fWJllhL5p/qEicJDTQo="}},"+rsC/uMHkFy0eCb26dVNRN9yyGsCr+iFfXVuZUO3UQI=":{"valueMac":{"type":"Buffer","data":"xhDKhj3IR7oEgTLDAclzH04LXAkrIGvvofO21xjWxRI="}},"/ap8cEa/yYhoboMDqCznSTcuHV7BzrSmmqCDoiS0Yxo=":{"valueMac":{"type":"Buffer","data":"FUBqjivEdcVwJsaKBWnsHqVdv0yeF0O6cB0BNDpvAQ4="}},"/jArYqUZ9H9tTYbfThjIODgZUk1HaWRJn6pW/yu4qfQ=":{"valueMac":{"type":"Buffer","data":"ZFwF5KVWkL5aQR6PTuxLNfUYGvZlqsvjKG4U3Eqgd9o="}},"/rUSRXBMJaMZuHKmJmyucijGdU3WuwoAOhc7h5RjYn4=":{"valueMac":{"type":"Buffer","data":"jNpIHetpr2hVP957aTOCzj51aTBHtuli7R44ELHwBS8="}},"/uWURkyxPxtlo5NfkMP9k4UwE9+ygvsD/WJPcoyCe8U=":{"valueMac":{"type":"Buffer","data":"E4c8TOepOeaYDBnGpXqToC0r3YP1HmkNYEAUZf7KeHE="}}}}