{"version":963,"hash":{"type":"Buffer","data":"7MqmZn5qrYbE3hV/Lmp/r26qqXrA63HFMv4LNM5Z0cfWPKXIoEpCDk7yckEQ5689MSvUYgwknkkuBdjTbIHKMA8EbhxCxIZRFk0FWinMi7+gvXB/Nb9qdu7QhHnE9c/pa5xbPoeHs3LHdfCUcx3D2LD32zlYEmcDFdZ3PtPQ9NY="},"indexValueMap":{"HYgDDvhas0QgKC1F0fMnbeF+j12hTejGmgkxr2RBesA=":{"valueMac":{"type":"Buffer","data":"ND1rONajDH0UegqUIEr3TDUsy0RVj6/bd4dV8SAUw+4="}},"2KiCK43JWn0bv6VDd2iiUlnmpY9u/XdDk8x+Yxe84E0=":{"valueMac":{"type":"Buffer","data":"ZhV8ylqHCIjQ0dCbL5NsY32ZFL10GL1b3DnCaIqe++o="}},"8YoHEmArInAKpJUn05cnVvsBbpq9ghk0wxPjebZQI0U=":{"valueMac":{"type":"Buffer","data":"J4ea4mB1vtZrBTR4IgtHarOD9PHg3WOdg71fipN94nI="}}}}