{"noiseKey":{"private":{"type":"Buffer","data":"CHqJdYIanV44jFrWdTjK68EHl35P29jwA7TnxXorv1U="},"public":{"type":"Buffer","data":"xKmroL5CxOTkjgrHpoFrBogSM6sTkkapTuFyuKF81zI="}},"pairingEphemeralKeyPair":{"private":{"type":"Buffer","data":"CI/sVtKqn1vClM+PQM3IYjijOjOMMuQ19EAnJBkbl30="},"public":{"type":"Buffer","data":"HWrtC2sEEfRQtOTFroovY4rDlPWzvdtLmws0RxEa2Wc="}},"signedIdentityKey":{"private":{"type":"Buffer","data":"aOc1kWooQ7nTKE0Ca6iO5F6QrsNfaUG3tLDRCIfVUGE="},"public":{"type":"Buffer","data":"sDnQLK0vovZwaouw4emu0Bjif8WRoCVKj9T5AjlQRFE="}},"signedPreKey":{"keyPair":{"private":{"type":"Buffer","data":"2AKvKaF5Zk4VrmCEl1KTAsJyp8YQAeJWlXXAQxJKa2I="},"public":{"type":"Buffer","data":"H1FMYyZ82fF5JTF9Jxz+W/XaWPq9vio63+rB30NezEI="}},"signature":{"type":"Buffer","data":"nZXnxjGBdSVhFWAvqoEBZyvrHXKae4gn2wJdGJFoWOas4DiyzVGakmP8Cgx3x430luXADe8IxPankcpAmR1HgA=="},"keyId":1},"registrationId":22,"advSecretKey":"nuZKhLYlpZQpavju/OEnWeh7mu3C9TsXqbi2kryKioc=","processedHistoryMessages":[{"key":{"remoteJid":"6281287137725@s.whatsapp.net","fromMe":true,"id":"3ABAD6B9F608AAAB1777"},"messageTimestamp":1691368123},{"key":{"remoteJid":"6281287137725@s.whatsapp.net","fromMe":true,"id":"3AFFB4E77D563D558A37"},"messageTimestamp":1691368126},{"key":{"remoteJid":"6281287137725@s.whatsapp.net","fromMe":true,"id":"3A99D24357983BC9A5C0"},"messageTimestamp":1691368130},{"key":{"remoteJid":"6281287137725@s.whatsapp.net","fromMe":true,"id":"3AA4E21FBFD994D10344"},"messageTimestamp":1691368133}],"nextPreKeyId":61,"firstUnuploadedPreKeyId":61,"accountSyncCounter":1,"accountSettings":{"unarchiveChats":false},"deviceId":"1oiq81oOTWmleOPt6YoN4Q","phoneId":"37eb885b-fc98-44f6-aede-30dd1e8ffaa3","identityId":{"type":"Buffer","data":"fZVbVHYv960Un+l6uVJoJjiWyWs="},"registered":false,"backupToken":{"type":"Buffer","data":"wFn/WhEh5LiD7mBd/FwSmXcW6Fg="},"registration":{},"account":{"details":"CITC+vcDELf1wKYGGA0gACgA","accountSignatureKey":"I1nSaBUcraPYAyzfyrDVXOjOgNsHuzLlHbYuwzVmXxo=","accountSignature":"YQYyMmjEaBQCw0ocsEHh4KxcudYN2bqvCZt1PlaU0fM0AMGF48c7+4v/njmZRN8KUMTeTiYNW8KyVFNnSc11iA==","deviceSignature":"G4eTi1QxkoE90Jy/hZkcrXeaHVdkBQatNCMaobl68V7qn7pRH6SzZcofdqVbEPGRbZJlonITmHiazxQ/tzyggg=="},"me":{"id":"6281287137725:13@s.whatsapp.net","name":"Who Am I?"},"signalIdentities":[{"identifier":{"name":"6281287137725:13@s.whatsapp.net","deviceId":0},"identifierKey":{"type":"Buffer","data":"BSNZ0mgVHK2j2AMs38qw1VzozoDbB7sy5R22LsM1Zl8a"}}],"platform":"iphone","lastAccountSyncTimestamp":1691368900,"myAppStateKeyId":"AAAAANRW"}