{"_sessions":{"Ba885j0gkFZ8WnXmXfYCN1q0A5Lg4yJaipIl8MPMqFwe":{"registrationId":1311461876,"currentRatchet":{"ephemeralKeyPair":{"pubKey":"BeyclvilciJUAHercNmajP4x6dfuPDO7sQULFtHk/qxt","privKey":"4C5tQEj9FcZGm3wMCUfuMJPRehddG/WUmoCGHN32iWU="},"lastRemoteEphemeralKey":"BaDlbjqJjKVEVNxW4z9kGi2FUCJCEhs4Xb+0IHz4S9Qf","previousCounter":0,"rootKey":"63gZKYU3+v6YVGLBojwg8FV5pj3GsTQ4K1dSkJHSpJ8="},"indexInfo":{"baseKey":"Ba885j0gkFZ8WnXmXfYCN1q0A5Lg4yJaipIl8MPMqFwe","baseKeyType":2,"closed":-1,"used":1691368164437,"created":1691368164437,"remoteIdentityKey":"BaZ6alTpXKChN7brUKx+iugN+8zJ1Hc/7rqrqTjZu0F9"},"_chains":{"BaDlbjqJjKVEVNxW4z9kGi2FUCJCEhs4Xb+0IHz4S9Qf":{"chainKey":{"counter":0,"key":"0mIbt1sjKP9ac4occHdR7hYvxl+JQ3RVvkyrIAbrIKA="},"chainType":2,"messageKeys":{}},"BeyclvilciJUAHercNmajP4x6dfuPDO7sQULFtHk/qxt":{"chainKey":{"counter":-1,"key":"KoxI4OLa9t1b3gnoKpwkmR3RzOHbrjOJB5QOJnZd+/Q="},"chainType":1,"messageKeys":{}}}}},"version":"v1"}