{"_sessions":{"BS03Vc2mPszvq/qLYqgAu2bzHPXuLYpDH5wlMkNHJ2B6":{"registrationId":299882536,"currentRatchet":{"ephemeralKeyPair":{"pubKey":"Bd030oM4qgvnJOUD0Vx+SwzPiujc7T8tKXIfRSMEOihc","privKey":"kA+JYdzoOB0G2PoqXnbmPy928LdH6MG4Jfm9JjIMpEU="},"lastRemoteEphemeralKey":"BQpnLEBsZzaRnz0oHhagKeaKziZPlzv5zJMRLaVQe2Ex","previousCounter":0,"rootKey":"lnIW8q5q2+Cc1a6DtNbXc3wbHW+pR236xW4f3MlLYKs="},"indexInfo":{"baseKey":"BS03Vc2mPszvq/qLYqgAu2bzHPXuLYpDH5wlMkNHJ2B6","baseKeyType":2,"closed":-1,"used":1691377132135,"created":1691377132135,"remoteIdentityKey":"BRfUvYwwd7PoKs1puS+I02J7JUdz1widBgBGftUxsqJH"},"_chains":{"BQpnLEBsZzaRnz0oHhagKeaKziZPlzv5zJMRLaVQe2Ex":{"chainKey":{"counter":0,"key":"a7OkTvLummdZ3/mTgMyNZuOC5Qm/DpUumKuwbyQZxLY="},"chainType":2,"messageKeys":{}},"Bd030oM4qgvnJOUD0Vx+SwzPiujc7T8tKXIfRSMEOihc":{"chainKey":{"counter":-1,"key":"MorDfn40TK5yS79+RodcXu6kKGWDU8YMrHaaawXfWxk="},"chainType":1,"messageKeys":{}}}}},"version":"v1"}