{"_sessions":{"BcoWE/3rwh+rifkPUNrleFef4yRCTvGHehl2QP0K9hIP":{"registrationId":1187872236,"currentRatchet":{"ephemeralKeyPair":{"pubKey":"Bfy+kiZckfPZV7KVxybKfAFIuaz8mYHj2yAA23Mntfco","privKey":"gO0vigaoIfYszzU5hoQHM+CU2x4I9Gvy3mqSiJrIV1w="},"lastRemoteEphemeralKey":"BeMflEqR5pVfgKQVcCd6ZsNdWLa9sacWyrGKRJgQU1cI","previousCounter":34,"rootKey":"NmcAfBroGr59VEY1jjH3Vr4p1vcqACGAQMKTjOGte50="},"indexInfo":{"baseKey":"BcoWE/3rwh+rifkPUNrleFef4yRCTvGHehl2QP0K9hIP","baseKeyType":1,"closed":-1,"used":1691379587968,"created":1691368163749,"remoteIdentityKey":"BcrmXy8s75gz3FGF/jG198dXTdK9Reheno5nffUwTZV9"},"_chains":{"BdMelBmXLXDFNqeItFtdr/u099EZ6JHwvmTLm8YPkskn":{"chainKey":{"counter":2},"chainType":2,"messageKeys":{}},"BW2V7uptRuR59at4WqkG9bIocW+TfdGJwYnkAGnbFWwc":{"chainKey":{"counter":0},"chainType":2,"messageKeys":{}},"Bdo4IT3pYmyesb4k3NrvlGJC4IRBz2wk7fySKF5aUYBZ":{"chainKey":{"counter":10},"chainType":2,"messageKeys":{}},"BSyGVt2ZoL9MEYb/QoZBSuHAo8P7RDKRfdjJ9+SOzrEp":{"chainKey":{"counter":5},"chainType":2,"messageKeys":{"5":"oNyItoqvTE67IW77ynP0MBOj0glrySn4RTdcmlQLagY="}},"BeMflEqR5pVfgKQVcCd6ZsNdWLa9sacWyrGKRJgQU1cI":{"chainKey":{"counter":1,"key":"7uQpDLwGrwOEzRoXEsH3Gyx9TYt46tLyY168yUtB3Vk="},"chainType":2,"messageKeys":{}},"Bfy+kiZckfPZV7KVxybKfAFIuaz8mYHj2yAA23Mntfco":{"chainKey":{"counter":44,"key":"QzUGvSdl785YA+6xJpKw/y09ZRZ+v21flCncewoYDZE="},"chainType":1,"messageKeys":{}}}}},"version":"v1"}