{"_sessions":{"BfnfaDBwukR9Z4QIHrHlro1ZcnKfF1DrF7jknP5eDtA7":{"registrationId":710389032,"currentRatchet":{"ephemeralKeyPair":{"pubKey":"BThDBRzI/no4V46lce2FB1VNdcjsbHOYz/ThljwzxyIW","privKey":"oK7RA9VHgs8qq+6sWvgx1w1N3BUa6niOCmFt6bCXL1s="},"lastRemoteEphemeralKey":"BbWthB4dpckAl83J9If39c18jiaQ+S7Hhj5giQhZFO5d","previousCounter":0,"rootKey":"/khTH+zdz4QedgwXpFsKt/LtFVayZrK1CU+BzY45lgM="},"indexInfo":{"baseKey":"BfnfaDBwukR9Z4QIHrHlro1ZcnKfF1DrF7jknP5eDtA7","baseKeyType":2,"closed":-1,"used":1691377132092,"created":1691377132092,"remoteIdentityKey":"Be08mnmhJO2xXhHFPyktkIbdDaPjddKVO9Bsql9Z3kli"},"_chains":{"BbWthB4dpckAl83J9If39c18jiaQ+S7Hhj5giQhZFO5d":{"chainKey":{"counter":0,"key":"we6z8Vj+iAxEEjLRmeCO9KUDkbzrP36NbigJHWd+s0I="},"chainType":2,"messageKeys":{}},"BThDBRzI/no4V46lce2FB1VNdcjsbHOYz/ThljwzxyIW":{"chainKey":{"counter":-1,"key":"XovX9cew3wz6cTE0TxMb9xcdmx2OuGSrenrJY8XGkd0="},"chainType":1,"messageKeys":{}}}}},"version":"v1"}