{"_sessions":{"BQbUh69FPGvug+kevyK63rsI2OZJUCVevizIGAE2vr5U":{"registrationId":630139904,"currentRatchet":{"ephemeralKeyPair":{"pubKey":"BWijw3y+9tNLIT7NAWOQ0uCZ6EkTVNuTan7m0IdJVto0","privKey":"CDnABoTnU931gtbLHc3BQSWZJCH15jemm+/SXVV6pk0="},"lastRemoteEphemeralKey":"BWl3eLdTxsdJmgWMesmIbo1+vktng5FNuvISohZn1m50","previousCounter":0,"rootKey":"yZR0UEsGDQ+lqa37BYO71L8zCf26UojMhN+S747YNQY="},"indexInfo":{"baseKey":"BQbUh69FPGvug+kevyK63rsI2OZJUCVevizIGAE2vr5U","baseKeyType":2,"closed":-1,"used":1691379018288,"created":1691379018288,"remoteIdentityKey":"BRWTIT2/jNdLEDR5aWKsc7Aa9VXEIhOQQBxH4OV0ztdr"},"_chains":{"BWl3eLdTxsdJmgWMesmIbo1+vktng5FNuvISohZn1m50":{"chainKey":{"counter":0,"key":"TPXt5aOi6oL65WaXbBhVA3v6FagXzdXE4JCYLS6XKV4="},"chainType":2,"messageKeys":{}},"BWijw3y+9tNLIT7NAWOQ0uCZ6EkTVNuTan7m0IdJVto0":{"chainKey":{"counter":-1,"key":"5yb5OoG0QHbmoW+DWVFnVuGIWKBwdmtXvAfaNlt3aOM="},"chainType":1,"messageKeys":{}}}}},"version":"v1"}