{"_sessions":{"BZN0p7DEN9+yD+NYNmIl2LxeGUO2ynN5CKpiIm1gae1j":{"registrationId":6410,"currentRatchet":{"ephemeralKeyPair":{"pubKey":"BebVPvlawDHBs3zFeyUJ/ynsc1Qnp9qxSzYq5BcQaI1B","privKey":"UA44NFp2FJ1EgD5w7XzAYsQCJCiCo8R2lclzZlV0vGI="},"lastRemoteEphemeralKey":"BZGoD80etrzc/SJPm6SYTwO8erfaCGirhVcbtI5oMPNG","previousCounter":0,"rootKey":"L3kEPlJDMn5v8dHQh6cgmtW8eReOAjMcBJ9ns/gvvpI="},"indexInfo":{"baseKey":"BZN0p7DEN9+yD+NYNmIl2LxeGUO2ynN5CKpiIm1gae1j","baseKeyType":1,"closed":-1,"used":1691368163747,"created":1691368163747,"remoteIdentityKey":"BelYWIvu27JUnMF/Clw4Oe0AmvEYYYqU6AeC46hgTP4W"},"_chains":{"BebVPvlawDHBs3zFeyUJ/ynsc1Qnp9qxSzYq5BcQaI1B":{"chainKey":{"counter":136,"key":"yHEbVBneU0KnWRC04OTheINKC5Bw/gnWzKyuXhA+iRc="},"chainType":1,"messageKeys":{}}},"pendingPreKey":{"signedKeyId":5,"baseKey":"BZN0p7DEN9+yD+NYNmIl2LxeGUO2ynN5CKpiIm1gae1j","preKeyId":892}}},"version":"v1"}