{"_sessions":{"BVYNESNaK57W2kStnuGUeFl9v2mVBm6fGfgO7U1F9xMT":{"registrationId":1359579731,"currentRatchet":{"ephemeralKeyPair":{"pubKey":"BUNEfejAt5xVB9SQcknjYJKVg62Nli4gIxyBugMmWMxW","privKey":"MFkiKg99a6eG/e4DFNfJxEeUZuYEutPUcr5ejgl4rmI="},"lastRemoteEphemeralKey":"BRombJxIelSxVBzZPmCZ4mX3EViA4PurKBxtV1InwUEr","previousCounter":9,"rootKey":"gbGWi2yMMjnKUhEpBadznBSsuODuI7PU99kYV63I+5w="},"indexInfo":{"baseKey":"BVYNESNaK57W2kStnuGUeFl9v2mVBm6fGfgO7U1F9xMT","baseKeyType":2,"closed":-1,"used":1691383829884,"created":1691368122699,"remoteIdentityKey":"BSNZ0mgVHK2j2AMs38qw1VzozoDbB7sy5R22LsM1Zl8a"},"_chains":{"BS9OdAtSLIJV6WHqhoMtOl8JFJL06NCV2ok84GGMIbpH":{"chainKey":{"counter":7},"chainType":2,"messageKeys":{}},"BW/dxbzsS0FaQUGQWh4am0E4BUEbxf/RXjfzWhBQ+yxt":{"chainKey":{"counter":4},"chainType":2,"messageKeys":{}},"BZMAf0yo23zYLSq26/87MVAjfMkIEcPP+C7nvv1YV9IA":{"chainKey":{"counter":0},"chainType":2,"messageKeys":{}},"BYtEui12PWug4HAEbmJukdMGUpIrxOLdVFi0izVqZtp+":{"chainKey":{"counter":1},"chainType":2,"messageKeys":{}},"BRombJxIelSxVBzZPmCZ4mX3EViA4PurKBxtV1InwUEr":{"chainKey":{"counter":0,"key":"Qmk3Sy3vNy+xTmZZVkUJ2AVVTsR8yIwT23SQjQKwaLk="},"chainType":2,"messageKeys":{}},"BUNEfejAt5xVB9SQcknjYJKVg62Nli4gIxyBugMmWMxW":{"chainKey":{"counter":-1,"key":"cEtyuvFZU+PFNEppBNbBT548ksMA4hYJzsMaIvZUCG4="},"chainType":1,"messageKeys":{}}}}},"version":"v1"}