{"_sessions":{"BXW9b9uVFxDIeKHOVwIfm3uUs72h6rwywzaQdd84yeF+":{"registrationId":1307576083,"currentRatchet":{"ephemeralKeyPair":{"pubKey":"BWTlgUpNA8mq6R+uHdtDyNG0QOAxYQyZ78fq3nYdsCtb","privKey":"ALJPfP71EXrAzH6rFw3p3Ppmo6/vLFfatdq3Gh4NRG8="},"lastRemoteEphemeralKey":"BQgYdY40yc4DggalCoD+kv78lbpPPO30rYlRz6Ck6mlk","previousCounter":0,"rootKey":"786fRn/2zOvaKChK1fffBnCxF1A9lU5FEOFk2T8pCkg="},"indexInfo":{"baseKey":"BXW9b9uVFxDIeKHOVwIfm3uUs72h6rwywzaQdd84yeF+","baseKeyType":2,"closed":-1,"used":1691370035552,"created":1691370035552,"remoteIdentityKey":"BQjf2kH0zOtM8wc+OUXRNSwzebuxETeanx4VwihfaTVL"},"_chains":{"BQgYdY40yc4DggalCoD+kv78lbpPPO30rYlRz6Ck6mlk":{"chainKey":{"counter":0,"key":"7xYkeALuZtdZqLXmqg+QyXKg8PCG1MFAPGiewg2uUxM="},"chainType":2,"messageKeys":{}},"BWTlgUpNA8mq6R+uHdtDyNG0QOAxYQyZ78fq3nYdsCtb":{"chainKey":{"counter":-1,"key":"DWVYXaGqQLE1CP9rbqG/cUnMLPOvP62jZin4T3YQBPc="},"chainType":1,"messageKeys":{}}}}},"version":"v1"}