{"_sessions":{"BVYfnLBQRcHCQnYiJ6xVz8KMJZp3CyQMbw2L7A28hBxI":{"registrationId":64,"currentRatchet":{"ephemeralKeyPair":{"pubKey":"BRAt4QfCjb0rinF2+BXFPy9wDTEoX0Y4QdUz3ZIuV2Ib","privKey":"IGktZUF3UlNSNIa1cVTd1UEq0zeDvnKPUQPttY8tpUo="},"lastRemoteEphemeralKey":"BXe/eqpCKhYJOwSNbGewMzMNtjn1OlSXFqZzNii2ypw3","previousCounter":0,"rootKey":"mOZGS6S0IqUk9qYHMoAC+GbN+mfUm8l34H4lF3mhhL4="},"indexInfo":{"baseKey":"BVYfnLBQRcHCQnYiJ6xVz8KMJZp3CyQMbw2L7A28hBxI","baseKeyType":1,"closed":1691378876611,"used":1691368163747,"created":1691368163747,"remoteIdentityKey":"BR8d0wPvvXhqQ5m414/uEV4JnL6b1z8IJ1lHDAHIoO89"},"_chains":{"BRAt4QfCjb0rinF2+BXFPy9wDTEoX0Y4QdUz3ZIuV2Ib":{"chainKey":{"counter":84,"key":"YcsYaVZYxgy7nHD/4m+CrVKykMH5hi14/9mHO/I2J2A="},"chainType":1,"messageKeys":{}}},"pendingPreKey":{"signedKeyId":1,"baseKey":"BVYfnLBQRcHCQnYiJ6xVz8KMJZp3CyQMbw2L7A28hBxI","preKeyId":4677}},"BawyMz/XQy3LVx0XoLrihOAjiAknjY3Uqz5qE4dQIzYK":{"registrationId":64,"currentRatchet":{"ephemeralKeyPair":{"pubKey":"BeKSG/RruGecdypmu0yPCms6oLj4HJvCpJ2pyAq/BCAX","privKey":"qHbJTqhY44Y/pJjX61ngVtg2C5Zl7us+5+Dt8ZyRHFA="},"lastRemoteEphemeralKey":"BXe/eqpCKhYJOwSNbGewMzMNtjn1OlSXFqZzNii2ypw3","previousCounter":0,"rootKey":"3pQ8uq/2AvOewLh1C3cenPiJoyYRhwbsWaf4qH7bse8="},"indexInfo":{"baseKey":"BawyMz/XQy3LVx0XoLrihOAjiAknjY3Uqz5qE4dQIzYK","baseKeyType":1,"closed":-1,"used":1691378876608,"created":1691378876608,"remoteIdentityKey":"BR8d0wPvvXhqQ5m414/uEV4JnL6b1z8IJ1lHDAHIoO89"},"_chains":{"BeKSG/RruGecdypmu0yPCms6oLj4HJvCpJ2pyAq/BCAX":{"chainKey":{"counter":51,"key":"vFnxCmnKJZ9bSWRDlQjOudDQtev3Nz2HMbdAap3pjmo="},"chainType":1,"messageKeys":{}}},"pendingPreKey":{"signedKeyId":1,"baseKey":"BawyMz/XQy3LVx0XoLrihOAjiAknjY3Uqz5qE4dQIzYK","preKeyId":4681}}},"version":"v1"}